gpa,skills,interest_area,experience_level,personality_type,availability_hours,communication_score,leadership_score,proposed_topic,topic_description,domain_interest,text_features,Group_ID,Group_Size
3.5,Penetration Testing,Cybersecurity,Intermediate,Extrovert,18,3,5,Gesture Recognition Management Dashboard,Prototypes a cutting-edge computer vision application using emerging technologies.,Computer Vision,Penetration Testing Cybersecurity Intermediate Extrovert Computer Vision,78,4
3.24,"Python, Django, PostgreSQL",Frontend Design,Beginner,Ambivert,19,3,3,Smart Social Media Platform,Builds a comprehensive web application platform with user-friendly interface and advanced features.,Web Application,"Python, Django, PostgreSQL Frontend Design Beginner Ambivert Web Application",71,4
3.07,"JavaScript, React, Node.js, MongoDB",Natural Language Processing,Intermediate,Extrovert,17,4,5,Automated Chatbot Framework,Engineers a secure nlp solution with focus on data privacy and integrity.,NLP,"JavaScript, React, Node.js, MongoDB Natural Language Processing Intermediate Extrovert NLP",63,4
2.93,"Java, Spring Boot, MySQL",DevOps,Intermediate,Extrovert,10,3,4,Campus Navigation Chatbot Assistant,Develops a mobile development solution for educational purposes using Java.,Mobile Development,"Java, Spring Boot, MySQL DevOps Intermediate Extrovert Mobile Development",3,4
3.06,"Swift, iOS Development",Mobile Apps,Intermediate,Extrovert,15,3,4,AI-Based Agriculture System,Creates an innovative iot application with modern technologies and best practices.,IoT,"Swift, iOS Development Mobile Apps Intermediate Extrovert IoT",29,4
3.18,"HTML, CSS, JS, PHP",Frontend Design,Beginner,Introvert,17,3,2,Smart Web Platform,Creates an innovative web development application with modern technologies and best practices.,Web Development,"HTML, CSS, JS, PHP Frontend Design Beginner Introvert Web Development",34,4
2.43,"React Native, JavaScript",Mobile Apps,Intermediate,Introvert,21,4,5,Web Analytics Platform,Constructs a robust web design framework for scalable and efficient performance.,Web Design,"React Native, JavaScript Mobile Apps Intermediate Introvert Web Design",76,4
2.88,"JavaScript, React, Node.js, MongoDB",Frontend Design,Beginner,Extrovert,20,3,2,AI-Based Student Performance System,Engineers a secure data science solution with focus on data privacy and integrity.,Data Science,"JavaScript, React, Node.js, MongoDB Frontend Design Beginner Extrovert Data Science",68,4
2.55,"HTML, CSS, JS, PHP",Frontend Design,Beginner,Extrovert,15,3,4,AI-Based AI System,Implements a ai & nlp system to solve real-world problems in academic settings.,AI & NLP,"HTML, CSS, JS, PHP Frontend Design Beginner Extrovert AI & NLP",43,4
2.75,"Python, Embedded Systems",IoT & Hardware,Beginner,Extrovert,14,3,5,Automated Network Monitoring Framework,Develops a cybersecurity solution for educational purposes using Python.,Cybersecurity,"Python, Embedded Systems IoT & Hardware Beginner Extrovert Cybersecurity",27,4
3.23,"JavaScript, React, Node.js, MongoDB",Frontend Design,Intermediate,Neutral,10,2,4,Load Balancing Management Dashboard,Constructs a robust cloud framework for scalable and efficient performance.,Cloud,"JavaScript, React, Node.js, MongoDB Frontend Design Intermediate Neutral Cloud",67,4
3.14,"JavaScript, React, Node.js, MongoDB",Deep Learning,Intermediate,Extrovert,21,3,4,Game Analytics Platform,Engineers a secure game dev solution with focus on data privacy and integrity.,Game Dev,"JavaScript, React, Node.js, MongoDB Deep Learning Intermediate Extrovert Game Dev",47,4
3.14,"Unity, C#, 3D Modeling",Game Development,Beginner,Neutral,11,3,2,AR/VR Chatbot Assistant,Engineers a secure ar/vr solution with focus on data privacy and integrity.,AR/VR,"Unity, C#, 3D Modeling Game Development Beginner Neutral AR/VR",63,4
3.28,"Unity, C#, 3D Modeling",Game Development,Intermediate,Extrovert,14,3,4,Real-time Blockchain Monitor,Builds a comprehensive blockchain platform with user-friendly interface and advanced features.,Blockchain,"Unity, C#, 3D Modeling Game Development Intermediate Extrovert Blockchain",6,4
3.67,"Azure, Terraform, CI/CD",Cloud Computing,Advanced,Introvert,14,3,2,Image Classification Analytics Platform,Constructs a robust computer vision framework for scalable and efficient performance.,Computer Vision,"Azure, Terraform, CI/CD Cloud Computing Advanced Introvert Computer Vision",16,4
3.43,"ML, Forecasting",Data Analytics,Beginner,Introvert,13,4,2,Blockchain Management Dashboard,Develops a blockchain solution for educational purposes using ML.,Blockchain,"ML, Forecasting Data Analytics Beginner Introvert Blockchain",37,4
3.16,"Cryptography, Python",Cybersecurity,Beginner,Introvert,24,3,2,Data Privacy Detection System,Constructs a robust cybersecurity framework for scalable and efficient performance.,Cybersecurity,"Cryptography, Python Cybersecurity Beginner Introvert Cybersecurity",59,4
2.98,"Java, Spring Boot, MySQL",Full Stack,Intermediate,Extrovert,24,3,2,Real-time Project Management Monitor,Designs and develops a web application tool to enhance learning and collaboration.,Web Application,"Java, Spring Boot, MySQL Full Stack Intermediate Extrovert Web Application",61,4
3.79,"Java, Spring Boot, MySQL",DevOps,Intermediate,Introvert,13,4,5,Web Optimization Tool,Prototypes a cutting-edge web design application using emerging technologies.,Web Design,"Java, Spring Boot, MySQL DevOps Intermediate Introvert Web Design",2,4
2.73,"Network Security, Ethical Hacking",Cybersecurity,Intermediate,Introvert,9,3,3,AI-Based Resource Optimization System,Builds a comprehensive cloud platform with user-friendly interface and advanced features.,Cloud,"Network Security, Ethical Hacking Cybersecurity Intermediate Introvert Cloud",21,4
4.0,"HTML, CSS, JS, PHP",Deep Learning,Beginner,Extrovert,10,3,4,Health Tracking Chatbot Assistant,Develops a mobile development solution for educational purposes using HTML.,Mobile Development,"HTML, CSS, JS, PHP Deep Learning Beginner Extrovert Mobile Development",41,4
3.33,"Python, Data Visualization, Tableau",AI & Data,Beginner,Ambivert,8,4,5,AI Analytics Platform,Creates an innovative ai & nlp application with modern technologies and best practices.,AI & NLP,"Python, Data Visualization, Tableau AI & Data Beginner Ambivert AI & NLP",74,4
3.63,"HTML, CSS, JS, PHP",Mobile + AI,Intermediate,Introvert,9,2,5,Automated Blockchain Framework,Designs and develops a blockchain tool to enhance learning and collaboration.,Blockchain,"HTML, CSS, JS, PHP Mobile + AI Intermediate Introvert Blockchain",5,4
2.81,"MQTT, Cloud IoT",IoT & Hardware,Intermediate,Introvert,10,4,5,Chatbot Detection System,Constructs a robust nlp framework for scalable and efficient performance.,NLP,"MQTT, Cloud IoT IoT & Hardware Intermediate Introvert NLP",36,4
3.55,"Network Security, Ethical Hacking",Cybersecurity,Beginner,Ambivert,10,3,2,Text Summarization Analytics Platform,Creates an innovative nlp application with modern technologies and best practices.,NLP,"Network Security, Ethical Hacking Cybersecurity Beginner Ambivert NLP",21,4
3.79,"Java, Spring Boot, MySQL",DevOps,Intermediate,Introvert,16,2,5,Gesture Recognition Detection System,Prototypes a cutting-edge computer vision application using emerging technologies.,Computer Vision,"Java, Spring Boot, MySQL DevOps Intermediate Introvert Computer Vision",65,4
3.65,"Python, Data Visualization, Tableau",AI & Data,Beginner,Introvert,21,3,3,Intelligent Web Solution,Constructs a robust web development framework for scalable and efficient performance.,Web Development,"Python, Data Visualization, Tableau AI & Data Beginner Introvert Web Development",73,4
3.68,"Python, Django, PostgreSQL",Frontend Design,Intermediate,Introvert,8,4,5,Intelligent Gesture Recognition Solution,Implements a computer vision system to solve real-world problems in academic settings.,Computer Vision,"Python, Django, PostgreSQL Frontend Design Intermediate Introvert Computer Vision",49,4
3.3,"JavaScript, React, Node.js, MongoDB",DevOps,Advanced,Neutral,12,2,2,Intelligent Blockchain Solution,Builds a comprehensive blockchain platform with user-friendly interface and advanced features.,Blockchain,"JavaScript, React, Node.js, MongoDB DevOps Advanced Neutral Blockchain",59,4
3.38,"Python, Data Visualization, Tableau",AI & Data,Beginner,Introvert,8,4,5,Learning Management Analytics Platform,Engineers a secure web application solution with focus on data privacy and integrity.,Web Application,"Python, Data Visualization, Tableau AI & Data Beginner Introvert Web Application",73,4
2.84,"Cryptography, Python",Cybersecurity,Advanced,Neutral,8,2,4,Web Chatbot Assistant,Designs and develops a web development tool to enhance learning and collaboration.,Web Development,"Cryptography, Python Cybersecurity Advanced Neutral Web Development",33,4
3.86,"Python, Django, PostgreSQL",Mobile + AI,Intermediate,Extrovert,20,4,3,Web Detection System,Designs and develops a web design tool to enhance learning and collaboration.,Web Design,"Python, Django, PostgreSQL Mobile + AI Intermediate Extrovert Web Design",57,4
3.08,"Python, Django, PostgreSQL",Deep Learning,Beginner,Introvert,24,3,3,Automated Web Framework,Designs and develops a web development tool to enhance learning and collaboration.,Web Development,"Python, Django, PostgreSQL Deep Learning Beginner Introvert Web Development",4,4
3.25,"Python, Data Visualization, Tableau",AI & Data,Intermediate,Extrovert,12,3,5,Web Prediction Model,Builds a comprehensive web development platform with user-friendly interface and advanced features.,Web Development,"Python, Data Visualization, Tableau AI & Data Intermediate Extrovert Web Development",74,4
2.78,"Python, Django, PostgreSQL",Mobile + AI,Beginner,Extrovert,16,4,2,Object Detection Recommendation System,Develops a computer vision solution for educational purposes using Python.,Computer Vision,"Python, Django, PostgreSQL Mobile + AI Beginner Extrovert Computer Vision",41,4
2.5,"HTML, CSS, JS, PHP",Web Development,Intermediate,Neutral,15,2,2,Gesture Recognition Chatbot Assistant,Engineers a secure computer vision solution with focus on data privacy and integrity.,Computer Vision,"HTML, CSS, JS, PHP Web Development Intermediate Neutral Computer Vision",55,4
3.96,"HTML, CSS, JS, PHP",Deep Learning,Intermediate,Extrovert,21,4,2,Face Recognition Detection System,Builds a comprehensive computer vision platform with user-friendly interface and advanced features.,Computer Vision,"HTML, CSS, JS, PHP Deep Learning Intermediate Extrovert Computer Vision",72,4
3.11,"Java, Spring Boot, MySQL",Mobile + AI,Intermediate,Introvert,8,3,3,Smart Home Chatbot Assistant,Creates an innovative iot application with modern technologies and best practices.,IoT,"Java, Spring Boot, MySQL Mobile + AI Intermediate Introvert IoT",56,4
3.3,"JavaScript, React, Node.js, MongoDB",Frontend Design,Intermediate,Neutral,23,4,3,Automated Gesture Recognition Framework,Prototypes a cutting-edge computer vision application using emerging technologies.,Computer Vision,"JavaScript, React, Node.js, MongoDB Frontend Design Intermediate Neutral Computer Vision",53,4
3.6,Penetration Testing,Cybersecurity,Intermediate,Introvert,8,2,2,Text Summarization Optimization Tool,Builds a comprehensive nlp platform with user-friendly interface and advanced features.,NLP,Penetration Testing Cybersecurity Intermediate Introvert NLP,26,4
3.48,"Python, Django, PostgreSQL",Mobile + AI,Beginner,Extrovert,21,4,2,Smart Language Translation Platform,Engineers a secure nlp solution with focus on data privacy and integrity.,NLP,"Python, Django, PostgreSQL Mobile + AI Beginner Extrovert NLP",31,4
3.26,"Python, R, SQL, Statistics",AI & Data,Beginner,Neutral,9,4,2,Web Recommendation System,Designs and develops a web design tool to enhance learning and collaboration.,Web Design,"Python, R, SQL, Statistics AI & Data Beginner Neutral Web Design",39,4
3.51,"HTML, CSS, JS, PHP",Frontend Design,Intermediate,Ambivert,11,3,2,AI Prediction Model,Prototypes a cutting-edge ai & nlp application using emerging technologies.,AI & NLP,"HTML, CSS, JS, PHP Frontend Design Intermediate Ambivert AI & NLP",76,4
3.23,"JavaScript, React, Node.js, MongoDB",Deep Learning,Intermediate,Extrovert,24,3,5,Market Analysis Chatbot Assistant,Prototypes a cutting-edge data science application using emerging technologies.,Data Science,"JavaScript, React, Node.js, MongoDB Deep Learning Intermediate Extrovert Data Science",54,4
3.21,"Unity, C#, 3D Modeling",Game Development,Intermediate,Extrovert,24,3,3,Event Management Analytics Platform,Designs and develops a mobile development tool to enhance learning and collaboration.,Mobile Development,"Unity, C#, 3D Modeling Game Development Intermediate Extrovert Mobile Development",64,4
3.74,"SIEM Tools, Risk Assessment",Cybersecurity,Beginner,Extrovert,16,3,5,AI Chatbot Assistant,Builds a comprehensive ai & nlp platform with user-friendly interface and advanced features.,AI & NLP,"SIEM Tools, Risk Assessment Cybersecurity Beginner Extrovert AI & NLP",13,4
4.0,"C++, Arduino, Raspberry Pi",IoT & Hardware,Beginner,Introvert,11,2,4,AI Management Dashboard,Creates an innovative ai & nlp application with modern technologies and best practices.,AI & NLP,"C++, Arduino, Raspberry Pi IoT & Hardware Beginner Introvert AI & NLP",14,4
3.73,"Python, Django, PostgreSQL",Mobile + AI,Advanced,Extrovert,10,3,2,Cost Management Optimization Tool,Engineers a secure cloud solution with focus on data privacy and integrity.,Cloud,"Python, Django, PostgreSQL Mobile + AI Advanced Extrovert Cloud",32,4
3.47,"AWS, Docker, Kubernetes",Cloud Computing,Beginner,Extrovert,20,4,3,Smart AI Platform,Implements a ai & nlp system to solve real-world problems in academic settings.,AI & NLP,"AWS, Docker, Kubernetes Cloud Computing Beginner Extrovert AI & NLP",8,4
3.07,"Java, Spring Boot, MySQL",Mobile + AI,Beginner,Extrovert,15,4,2,Real-time Gesture Recognition Monitor,Develops a computer vision solution for educational purposes using Java.,Computer Vision,"Java, Spring Boot, MySQL Mobile + AI Beginner Extrovert Computer Vision",56,4
3.03,"JavaScript, React, Node.js, MongoDB",Deep Learning,Beginner,Neutral,17,3,4,AI-Based Web System,Implements a web design system to solve real-world problems in academic settings.,Web Design,"JavaScript, React, Node.js, MongoDB Deep Learning Beginner Neutral Web Design",54,4
3.84,"Unreal Engine, C++, Game Design",Game Development,Advanced,Introvert,24,2,5,Real-time Face Recognition Monitor,Constructs a robust computer vision framework for scalable and efficient performance.,Computer Vision,"Unreal Engine, C++, Game Design Game Development Advanced Introvert Computer Vision",12,4
2.54,"JavaScript, React, Node.js, MongoDB",Natural Language Processing,Advanced,Extrovert,10,3,5,Real-time AI Monitor,Constructs a robust ai & nlp framework for scalable and efficient performance.,AI & NLP,"JavaScript, React, Node.js, MongoDB Natural Language Processing Advanced Extrovert AI & NLP",62,4
3.54,"HTML, CSS, JS, PHP",Deep Learning,Intermediate,Ambivert,17,3,5,Automated Student Performance Framework,Prototypes a cutting-edge data science application using emerging technologies.,Data Science,"HTML, CSS, JS, PHP Deep Learning Intermediate Ambivert Data Science",39,4
3.49,"Java, Spring Boot, MySQL",Frontend Design,Beginner,Extrovert,12,3,5,Real-time Load Balancing Monitor,Develops a cloud solution for educational purposes using Java.,Cloud,"Java, Spring Boot, MySQL Frontend Design Beginner Extrovert Cloud",51,4
2.88,"Python, Pandas, Power BI",Data Analytics,Intermediate,Neutral,23,2,2,Smart Blockchain Platform,Implements a blockchain system to solve real-world problems in academic settings.,Blockchain,"Python, Pandas, Power BI Data Analytics Intermediate Neutral Blockchain",21,4
3.6,"Java, Spring Boot, MySQL",Web Development,Advanced,Ambivert,20,2,4,AI-Based Market Analysis System,Develops a data science solution for educational purposes using Java.,Data Science,"Java, Spring Boot, MySQL Web Development Advanced Ambivert Data Science",35,4
3.89,"HTML, CSS, JS, PHP",Web Development,Advanced,Introvert,24,2,2,Project Management Analytics Platform,Engineers a secure web application solution with focus on data privacy and integrity.,Web Application,"HTML, CSS, JS, PHP Web Development Advanced Introvert Web Application",4,4
3.26,"HTML, CSS, JS, PHP",Natural Language Processing,Intermediate,Ambivert,13,4,2,Web Management Dashboard,Designs and develops a web design tool to enhance learning and collaboration.,Web Design,"HTML, CSS, JS, PHP Natural Language Processing Intermediate Ambivert Web Design",46,4
3.28,"Python, Embedded Systems",IoT & Hardware,Intermediate,Extrovert,21,3,3,Intelligent Face Recognition Solution,Designs and develops a computer vision tool to enhance learning and collaboration.,Computer Vision,"Python, Embedded Systems IoT & Hardware Intermediate Extrovert Computer Vision",26,4
3.43,"HTML, CSS, JS, PHP",Frontend Design,Beginner,Extrovert,14,4,3,Real-time Learning Management Monitor,Implements a web application system to solve real-world problems in academic settings.,Web Application,"HTML, CSS, JS, PHP Frontend Design Beginner Extrovert Web Application",34,4
3.2,"Cryptography, Python",Cybersecurity,Advanced,Introvert,12,3,3,Resource Optimization Analytics Platform,Prototypes a cutting-edge cloud application using emerging technologies.,Cloud,"Cryptography, Python Cybersecurity Advanced Introvert Cloud",60,4
2.26,"C++, Arduino, Raspberry Pi",IoT & Hardware,Intermediate,Neutral,14,3,5,Smart Game Platform,Constructs a robust game dev framework for scalable and efficient performance.,Game Dev,"C++, Arduino, Raspberry Pi IoT & Hardware Intermediate Neutral Game Dev",14,4
3.04,"Java, Spring Boot, MySQL",Web Development,Intermediate,Introvert,9,2,3,Image Classification Prediction Model,Builds a comprehensive computer vision platform with user-friendly interface and advanced features.,Computer Vision,"Java, Spring Boot, MySQL Web Development Intermediate Introvert Computer Vision",65,4
3.39,"Python, ML, Data Science, TensorFlow",AI & Data,Intermediate,Introvert,24,3,2,Game Detection System,Prototypes a cutting-edge game dev application using emerging technologies.,Game Dev,"Python, ML, Data Science, TensorFlow AI & Data Intermediate Introvert Game Dev",19,4
2.55,"Python, Embedded Systems",IoT & Hardware,Intermediate,Introvert,18,4,5,Intelligent Load Balancing Solution,Develops a cloud solution for educational purposes using Python.,Cloud,"Python, Embedded Systems IoT & Hardware Intermediate Introvert Cloud",28,4
4.0,"Cryptography, Python",Cybersecurity,Intermediate,Extrovert,11,4,2,Intelligent Language Translation Solution,Designs and develops a nlp tool to enhance learning and collaboration.,NLP,"Cryptography, Python Cybersecurity Intermediate Extrovert NLP",33,4
2.86,"JavaScript, React, Node.js, MongoDB",Web Development,Beginner,Extrovert,12,4,5,Real-time Threat Detection Monitor,Constructs a robust cybersecurity framework for scalable and efficient performance.,Cybersecurity,"JavaScript, React, Node.js, MongoDB Web Development Beginner Extrovert Cybersecurity",1,4
3.26,"Java, Spring Boot, MySQL",Mobile + AI,Beginner,Introvert,20,4,2,Vulnerability Assessment Analytics Platform,Develops a cybersecurity solution for educational purposes using Java.,Cybersecurity,"Java, Spring Boot, MySQL Mobile + AI Beginner Introvert Cybersecurity",56,4
2.89,"Python, Django, PostgreSQL",Natural Language Processing,Intermediate,Extrovert,23,3,2,Threat Detection Detection System,Prototypes a cutting-edge cybersecurity application using emerging technologies.,Cybersecurity,"Python, Django, PostgreSQL Natural Language Processing Intermediate Extrovert Cybersecurity",48,4
3.01,"Java, Spring Boot, MySQL",Frontend Design,Beginner,Neutral,21,3,2,Data Privacy Optimization Tool,Implements a cybersecurity system to solve real-world problems in academic settings.,Cybersecurity,"Java, Spring Boot, MySQL Frontend Design Beginner Neutral Cybersecurity",51,4
3.53,"Python, Django, PostgreSQL",Full Stack,Advanced,Introvert,22,2,3,Real-time Vulnerability Assessment Monitor,Implements a cybersecurity system to solve real-world problems in academic settings.,Cybersecurity,"Python, Django, PostgreSQL Full Stack Advanced Introvert Cybersecurity",66,4
2.98,"MQTT, Cloud IoT",IoT & Hardware,Beginner,Introvert,14,3,3,Blockchain Analytics Platform,Develops a blockchain solution for educational purposes using MQTT.,Blockchain,"MQTT, Cloud IoT IoT & Hardware Beginner Introvert Blockchain",36,4
2.94,"Unreal Engine, C++, Game Design",Game Development,Intermediate,Introvert,16,2,3,Real-time Event Management Monitor,Engineers a secure mobile development solution with focus on data privacy and integrity.,Mobile Development,"Unreal Engine, C++, Game Design Game Development Intermediate Introvert Mobile Development",10,4
3.12,"Java, Spring Boot, MySQL",Deep Learning,Beginner,Introvert,9,4,5,Real-time Resource Optimization Monitor,Develops a cloud solution for educational purposes using Java.,Cloud,"Java, Spring Boot, MySQL Deep Learning Beginner Introvert Cloud",69,4
3.93,"Python, ML, Data Science, TensorFlow",AI & Data,Beginner,Extrovert,23,4,3,Load Balancing Prediction Model,Develops a cloud solution for educational purposes using Python.,Cloud,"Python, ML, Data Science, TensorFlow AI & Data Beginner Extrovert Cloud",17,4
3.32,"JavaScript, React, Node.js, MongoDB",Frontend Design,Advanced,Extrovert,9,4,5,Load Balancing Detection System,Constructs a robust cloud framework for scalable and efficient performance.,Cloud,"JavaScript, React, Node.js, MongoDB Frontend Design Advanced Extrovert Cloud",68,4
2.97,"JavaScript, React, Node.js, MongoDB",Natural Language Processing,Intermediate,Neutral,9,4,4,Health Prediction Recommendation System,Designs and develops a data science tool to enhance learning and collaboration.,Data Science,"JavaScript, React, Node.js, MongoDB Natural Language Processing Intermediate Neutral Data Science",70,4
3.03,"HTML, CSS, JS, PHP",Natural Language Processing,Intermediate,Introvert,24,4,2,Vulnerability Assessment Optimization Tool,Builds a comprehensive cybersecurity platform with user-friendly interface and advanced features.,Cybersecurity,"HTML, CSS, JS, PHP Natural Language Processing Intermediate Introvert Cybersecurity",45,4
3.53,"Unity, C#, 3D Modeling",Game Development,Intermediate,Introvert,17,2,4,Network Monitoring Prediction Model,Builds a comprehensive cybersecurity platform with user-friendly interface and advanced features.,Cybersecurity,"Unity, C#, 3D Modeling Game Development Intermediate Introvert Cybersecurity",7,4
3.63,"Python, ML, Data Science, TensorFlow",AI & Data,Intermediate,Introvert,10,3,4,Object Detection Management Dashboard,Builds a comprehensive computer vision platform with user-friendly interface and advanced features.,Computer Vision,"Python, ML, Data Science, TensorFlow AI & Data Intermediate Introvert Computer Vision",17,4
2.85,"Azure, Terraform, CI/CD",Cloud Computing,Beginner,Neutral,16,3,5,Intelligent Text Summarization Solution,Prototypes a cutting-edge nlp application using emerging technologies.,NLP,"Azure, Terraform, CI/CD Cloud Computing Beginner Neutral NLP",16,4
3.53,"Python, Embedded Systems",IoT & Hardware,Intermediate,Neutral,12,2,4,Cost Management Recommendation System,Builds a comprehensive cloud platform with user-friendly interface and advanced features.,Cloud,"Python, Embedded Systems IoT & Hardware Intermediate Neutral Cloud",27,4
3.5,"Python, Pandas, Power BI",Data Analytics,Intermediate,Neutral,15,4,5,AI-Based Blockchain System,Engineers a secure blockchain solution with focus on data privacy and integrity.,Blockchain,"Python, Pandas, Power BI Data Analytics Intermediate Neutral Blockchain",22,4
4.0,"Python, ML, Data Science, TensorFlow",AI & Data,Beginner,Introvert,15,4,4,Real-time Sentiment Analysis Monitor,Implements a nlp system to solve real-world problems in academic settings.,NLP,"Python, ML, Data Science, TensorFlow AI & Data Beginner Introvert NLP",19,4
2.67,"Python, Django, PostgreSQL",Full Stack,Beginner,Extrovert,22,3,2,Object Detection Detection System,Engineers a secure computer vision solution with focus on data privacy and integrity.,Computer Vision,"Python, Django, PostgreSQL Full Stack Beginner Extrovert Computer Vision",42,4
3.63,"SIEM Tools, Risk Assessment",Cybersecurity,Beginner,Extrovert,9,4,2,Resource Optimization Recommendation System,Constructs a robust cloud framework for scalable and efficient performance.,Cloud,"SIEM Tools, Risk Assessment Cybersecurity Beginner Extrovert Cloud",13,4
3.7,"JavaScript, React, Node.js, MongoDB",Natural Language Processing,Beginner,Neutral,22,2,5,Agriculture Detection System,Designs and develops a iot tool to enhance learning and collaboration.,IoT,"JavaScript, React, Node.js, MongoDB Natural Language Processing Beginner Neutral IoT",78,4
3.65,"HTML, CSS, JS, PHP",Deep Learning,Intermediate,Extrovert,12,4,4,Blockchain Recommendation System,Prototypes a cutting-edge blockchain application using emerging technologies.,Blockchain,"HTML, CSS, JS, PHP Deep Learning Intermediate Extrovert Blockchain",73,4
3.84,"Java, Spring Boot, MySQL",Natural Language Processing,Intermediate,Introvert,21,4,5,Smart Threat Detection Platform,Develops a cybersecurity solution for educational purposes using Java.,Cybersecurity,"Java, Spring Boot, MySQL Natural Language Processing Intermediate Introvert Cybersecurity",46,4
3.34,"Flutter, Dart, Firebase",Mobile Apps,Advanced,Neutral,17,2,5,Network Monitoring Analytics Platform,Implements a cybersecurity system to solve real-world problems in academic settings.,Cybersecurity,"Flutter, Dart, Firebase Mobile Apps Advanced Neutral Cybersecurity",9,4
3.59,"Unreal Engine, C++, Game Design",Game Development,Advanced,Ambivert,8,3,2,Smart Home Recommendation System,Builds a comprehensive iot platform with user-friendly interface and advanced features.,IoT,"Unreal Engine, C++, Game Design Game Development Advanced Ambivert IoT",11,4
3.32,"Python, Django, PostgreSQL",Frontend Design,Beginner,Extrovert,16,4,5,AI Recommendation System,Develops a ai & nlp solution for educational purposes using Python.,AI & NLP,"Python, Django, PostgreSQL Frontend Design Beginner Extrovert AI & NLP",50,4
3.74,"Python, Django, PostgreSQL",Deep Learning,Intermediate,Ambivert,13,3,4,Learning Management Optimization Tool,Implements a web application system to solve real-world problems in academic settings.,Web Application,"Python, Django, PostgreSQL Deep Learning Intermediate Ambivert Web Application",71,4
2.7,"GCP, Microservices, Serverless",Cloud Computing,Beginner,Extrovert,14,4,3,Energy Monitoring Prediction Model,Develops a iot solution for educational purposes using GCP.,IoT,"GCP, Microservices, Serverless Cloud Computing Beginner Extrovert IoT",24,4
3.2,"Unity, C#, 3D Modeling",Game Development,Beginner,Extrovert,24,3,2,Campus Navigation Analytics Platform,Builds a comprehensive mobile development platform with user-friendly interface and advanced features.,Mobile Development,"Unity, C#, 3D Modeling Game Development Beginner Extrovert Mobile Development",64,4
2.98,"Unreal Engine, C++, Game Design",Game Development,Intermediate,Introvert,20,3,4,Chatbot Optimization Tool,Implements a nlp system to solve real-world problems in academic settings.,NLP,"Unreal Engine, C++, Game Design Game Development Intermediate Introvert NLP",11,4
3.23,"HTML, CSS, JS, PHP",DevOps,Intermediate,Neutral,23,4,3,Intelligent Image Classification Solution,Creates an innovative computer vision application with modern technologies and best practices.,Computer Vision,"HTML, CSS, JS, PHP DevOps Intermediate Neutral Computer Vision",55,4
2.24,"Java, Spring Boot, MySQL",Web Development,Intermediate,Extrovert,8,4,2,Web Design Project 99,Implements a web design system to solve real-world problems in academic settings.,Web Design,"Java, Spring Boot, MySQL Web Development Intermediate Extrovert Web Design",61,4
3.74,"Unreal Engine, C++, Game Design",Game Development,Beginner,Neutral,10,4,2,Game Prediction Model,Creates an innovative game dev application with modern technologies and best practices.,Game Dev,"Unreal Engine, C++, Game Design Game Development Beginner Neutral Game Dev",11,4
3.8,"Swift, iOS Development",Mobile Apps,Intermediate,Extrovert,23,4,4,Threat Detection Chatbot Assistant,Engineers a secure cybersecurity solution with focus on data privacy and integrity.,Cybersecurity,"Swift, iOS Development Mobile Apps Intermediate Extrovert Cybersecurity",28,4
3.47,"Circuit Design, Sensors",IoT & Hardware,Beginner,Ambivert,9,2,4,Environmental Sensing Detection System,Creates an innovative iot application with modern technologies and best practices.,IoT,"Circuit Design, Sensors IoT & Hardware Beginner Ambivert IoT",25,4
3.12,"HTML, CSS, JS, PHP",Full Stack,Intermediate,Introvert,16,3,2,Intelligent Game Solution,Builds a comprehensive game dev platform with user-friendly interface and advanced features.,Game Dev,"HTML, CSS, JS, PHP Full Stack Intermediate Introvert Game Dev",67,4
3.74,"Java, Spring Boot, MySQL",Mobile + AI,Intermediate,Extrovert,21,3,5,Smart Image Classification Platform,Develops a computer vision solution for educational purposes using Java.,Computer Vision,"Java, Spring Boot, MySQL Mobile + AI Intermediate Extrovert Computer Vision",65,4
3.42,"Unity, C#, 3D Modeling",Game Development,Beginner,Extrovert,18,4,5,Threat Detection Recommendation System,Designs and develops a cybersecurity tool to enhance learning and collaboration.,Cybersecurity,"Unity, C#, 3D Modeling Game Development Beginner Extrovert Cybersecurity",64,4
2.62,"Python, Django, PostgreSQL",Web Development,Intermediate,Neutral,17,2,3,AI-Based E-commerce System,Develops a web application solution for educational purposes using Python.,Web Application,"Python, Django, PostgreSQL Web Development Intermediate Neutral Web Application",71,4
4.0,"Python, Embedded Systems",IoT & Hardware,Beginner,Extrovert,13,3,5,Automated E-commerce Framework,Develops a web application solution for educational purposes using Python.,Web Application,"Python, Embedded Systems IoT & Hardware Beginner Extrovert Web Application",27,4
3.29,"Circuit Design, Sensors",IoT & Hardware,Intermediate,Neutral,21,3,5,Real-time Web Monitor,Creates an innovative web development application with modern technologies and best practices.,Web Development,"Circuit Design, Sensors IoT & Hardware Intermediate Neutral Web Development",26,4
3.51,"JavaScript, React, Node.js, MongoDB",Natural Language Processing,Intermediate,Extrovert,22,4,4,Language Translation Detection System,Develops a nlp solution for educational purposes using JavaScript.,NLP,"JavaScript, React, Node.js, MongoDB Natural Language Processing Intermediate Extrovert NLP",62,4
3.25,"Python, Django, PostgreSQL",DevOps,Intermediate,Introvert,9,2,2,AI Optimization Tool,Prototypes a cutting-edge ai & nlp application using emerging technologies.,AI & NLP,"Python, Django, PostgreSQL DevOps Intermediate Introvert AI & NLP",32,4
2.68,"Java, Spring Boot, MySQL",Deep Learning,Intermediate,Neutral,13,3,5,Chatbot Management Dashboard,Implements a nlp system to solve real-world problems in academic settings.,NLP,"Java, Spring Boot, MySQL Deep Learning Intermediate Neutral NLP",69,4
3.14,"Network Security, Ethical Hacking",Cybersecurity,Beginner,Ambivert,24,4,5,Blockchain Prediction Model,Implements a blockchain system to solve real-world problems in academic settings.,Blockchain,"Network Security, Ethical Hacking Cybersecurity Beginner Ambivert Blockchain",20,4
3.63,"JavaScript, React, Node.js, MongoDB",Full Stack,Intermediate,Neutral,19,4,4,Threat Detection Analytics Platform,Creates an innovative cybersecurity application with modern technologies and best practices.,Cybersecurity,"JavaScript, React, Node.js, MongoDB Full Stack Intermediate Neutral Cybersecurity",75,4
3.55,"HTML, CSS, JS, PHP",Mobile + AI,Advanced,Extrovert,14,4,4,Energy Monitoring Chatbot Assistant,Implements a iot system to solve real-world problems in academic settings.,IoT,"HTML, CSS, JS, PHP Mobile + AI Advanced Extrovert IoT",58,4
3.28,"HTML, CSS, JS, PHP",DevOps,Intermediate,Introvert,17,4,2,Blockchain Optimization Tool,Prototypes a cutting-edge blockchain application using emerging technologies.,Blockchain,"HTML, CSS, JS, PHP DevOps Intermediate Introvert Blockchain",5,4
3.57,"Python, Django, PostgreSQL",Mobile + AI,Intermediate,Introvert,24,2,3,Automated AI Framework,Constructs a robust ai & nlp framework for scalable and efficient performance.,AI & NLP,"Python, Django, PostgreSQL Mobile + AI Intermediate Introvert AI & NLP",31,4
2.86,"Java, Spring Boot, MySQL",Web Development,Beginner,Extrovert,10,3,4,Blockchain Detection System,Designs and develops a blockchain tool to enhance learning and collaboration.,Blockchain,"Java, Spring Boot, MySQL Web Development Beginner Extrovert Blockchain",2,4
2.35,"JavaScript, React, Node.js, MongoDB",DevOps,Intermediate,Introvert,23,4,2,Data Privacy Chatbot Assistant,Designs and develops a cybersecurity tool to enhance learning and collaboration.,Cybersecurity,"JavaScript, React, Node.js, MongoDB DevOps Intermediate Introvert Cybersecurity",58,4
2.56,"HTML, CSS, JS, PHP",Web Development,Intermediate,Introvert,23,2,2,Blockchain Chatbot Assistant,Prototypes a cutting-edge blockchain application using emerging technologies.,Blockchain,"HTML, CSS, JS, PHP Web Development Intermediate Introvert Blockchain",5,4
3.18,"HTML, CSS, JS, PHP",DevOps,Intermediate,Neutral,14,4,5,Real-time Campus Navigation Monitor,Implements a mobile development system to solve real-world problems in academic settings.,Mobile Development,"HTML, CSS, JS, PHP DevOps Intermediate Neutral Mobile Development",55,4
2.67,"JavaScript, React, Node.js, MongoDB",Web Development,Beginner,Extrovert,10,4,3,Smart Home Management Dashboard,Engineers a secure iot solution with focus on data privacy and integrity.,IoT,"JavaScript, React, Node.js, MongoDB Web Development Beginner Extrovert IoT",1,4
3.33,"JavaScript, React, Node.js, MongoDB",Full Stack,Intermediate,Introvert,24,2,4,Intelligent Network Monitoring Solution,Creates an innovative cybersecurity application with modern technologies and best practices.,Cybersecurity,"JavaScript, React, Node.js, MongoDB Full Stack Intermediate Introvert Cybersecurity",75,4
2.97,"Java, Spring Boot, MySQL",Deep Learning,Intermediate,Neutral,16,3,2,E-commerce Optimization Tool,Prototypes a cutting-edge web application application using emerging technologies.,Web Application,"Java, Spring Boot, MySQL Deep Learning Intermediate Neutral Web Application",68,4
3.49,"Python, Django, PostgreSQL",Deep Learning,Beginner,Ambivert,9,3,2,Student Performance Analytics Platform,Implements a data science system to solve real-world problems in academic settings.,Data Science,"Python, Django, PostgreSQL Deep Learning Beginner Ambivert Data Science",4,4
3.23,"HTML, CSS, JS, PHP",Natural Language Processing,Intermediate,Extrovert,13,3,5,Automated AR/VR Framework,Designs and develops a ar/vr tool to enhance learning and collaboration.,AR/VR,"HTML, CSS, JS, PHP Natural Language Processing Intermediate Extrovert AR/VR",60,4
2.98,"Unity, C#, 3D Modeling",Game Development,Beginner,Ambivert,10,3,5,AI-Based Cost Management System,Prototypes a cutting-edge cloud application using emerging technologies.,Cloud,"Unity, C#, 3D Modeling Game Development Beginner Ambivert Cloud",6,4
3.54,"Python, Deep Learning, PyTorch",AI & Data,Advanced,Neutral,18,2,2,Agriculture Recommendation System,Engineers a secure iot solution with focus on data privacy and integrity.,IoT,"Python, Deep Learning, PyTorch AI & Data Advanced Neutral IoT",44,4
3.74,"Cryptography, Python",Cybersecurity,Beginner,Ambivert,20,3,2,Sentiment Analysis Chatbot Assistant,Creates an innovative nlp application with modern technologies and best practices.,NLP,"Cryptography, Python Cybersecurity Beginner Ambivert NLP",59,4
3.08,"Python, Django, PostgreSQL",Full Stack,Beginner,Introvert,20,2,5,Web Design Project 129,Builds a comprehensive web design platform with user-friendly interface and advanced features.,Web Design,"Python, Django, PostgreSQL Full Stack Beginner Introvert Web Design",66,4
3.56,"Swift, iOS Development",Mobile Apps,Intermediate,Ambivert,24,3,2,Real-time Network Monitoring Monitor,Prototypes a cutting-edge cybersecurity application using emerging technologies.,Cybersecurity,"Swift, iOS Development Mobile Apps Intermediate Ambivert Cybersecurity",29,4
3.08,"Unreal Engine, C++, Game Design",Game Development,Beginner,Extrovert,13,3,4,Sentiment Analysis Optimization Tool,Engineers a secure nlp solution with focus on data privacy and integrity.,NLP,"Unreal Engine, C++, Game Design Game Development Beginner Extrovert NLP",11,4
3.45,"Java, Spring Boot, MySQL",Mobile + AI,Beginner,Ambivert,24,4,2,AI Detection System,Prototypes a cutting-edge ai & nlp application using emerging technologies.,AI & NLP,"Java, Spring Boot, MySQL Mobile + AI Beginner Ambivert AI & NLP",56,4
3.4,"Python, Django, PostgreSQL",Natural Language Processing,Beginner,Ambivert,19,2,2,Agriculture Optimization Tool,Constructs a robust iot framework for scalable and efficient performance.,IoT,"Python, Django, PostgreSQL Natural Language Processing Beginner Ambivert IoT",48,4
3.07,"JavaScript, React, Node.js, MongoDB",Deep Learning,Intermediate,Introvert,13,4,3,Intelligent AR/VR Solution,Prototypes a cutting-edge ar/vr application using emerging technologies.,AR/VR,"JavaScript, React, Node.js, MongoDB Deep Learning Intermediate Introvert AR/VR",61,4
3.46,"Python, Django, PostgreSQL",Web Development,Intermediate,Introvert,21,2,2,AR/VR Management Dashboard,Prototypes a cutting-edge ar/vr application using emerging technologies.,AR/VR,"Python, Django, PostgreSQL Web Development Intermediate Introvert AR/VR",40,4
3.58,"Cryptography, Python",Cybersecurity,Intermediate,Extrovert,19,3,5,Game Recommendation System,Implements a game dev system to solve real-world problems in academic settings.,Game Dev,"Cryptography, Python Cybersecurity Intermediate Extrovert Game Dev",67,4
3.24,"Java, Spring Boot, MySQL",DevOps,Intermediate,Neutral,11,2,3,AI & NLP Project 137,Develops a ai & nlp solution for educational purposes using Java.,AI & NLP,"Java, Spring Boot, MySQL DevOps Intermediate Neutral AI & NLP",3,4
2.76,"Python, Django, PostgreSQL",Frontend Design,Intermediate,Extrovert,24,4,2,Blockchain Project 138,Constructs a robust blockchain framework for scalable and efficient performance.,Blockchain,"Python, Django, PostgreSQL Frontend Design Intermediate Extrovert Blockchain",50,4
4.0,"Python, Django, PostgreSQL",Web Development,Beginner,Extrovert,24,4,4,AR/VR Optimization Tool,Constructs a robust ar/vr framework for scalable and efficient performance.,AR/VR,"Python, Django, PostgreSQL Web Development Beginner Extrovert AR/VR",40,4
3.56,"SQL, Excel, Tableau",Data Analytics,Intermediate,Neutral,16,3,5,Market Analysis Prediction Model,Builds a comprehensive data science platform with user-friendly interface and advanced features.,Data Science,"SQL, Excel, Tableau Data Analytics Intermediate Neutral Data Science",30,4
3.07,"SIEM Tools, Risk Assessment",Cybersecurity,Beginner,Ambivert,11,3,3,Web Development Project 141,Engineers a secure web development solution with focus on data privacy and integrity.,Web Development,"SIEM Tools, Risk Assessment Cybersecurity Beginner Ambivert Web Development",12,4
3.74,"HTML, CSS, JS, PHP",Deep Learning,Intermediate,Neutral,12,2,4,Automated Sentiment Analysis Framework,Implements a nlp system to solve real-world problems in academic settings.,NLP,"HTML, CSS, JS, PHP Deep Learning Intermediate Neutral NLP",72,4
3.1,"Python, Deep Learning, PyTorch",AI & Data,Intermediate,Ambivert,12,3,5,AI-Based Game System,Implements a game dev system to solve real-world problems in academic settings.,Game Dev,"Python, Deep Learning, PyTorch AI & Data Intermediate Ambivert Game Dev",44,4
3.38,"ML, Forecasting",Data Analytics,Beginner,Introvert,11,3,4,Learning Management Detection System,Engineers a secure web application solution with focus on data privacy and integrity.,Web Application,"ML, Forecasting Data Analytics Beginner Introvert Web Application",37,4
3.56,"JavaScript, React, Node.js, MongoDB",Natural Language Processing,Beginner,Neutral,15,2,4,Intelligent Object Detection Solution,Prototypes a cutting-edge computer vision application using emerging technologies.,Computer Vision,"JavaScript, React, Node.js, MongoDB Natural Language Processing Beginner Neutral Computer Vision",78,4
2.67,"Swift, iOS Development",Mobile Apps,Intermediate,Neutral,21,3,3,Web Design Project 146,Designs and develops a web design tool to enhance learning and collaboration.,Web Design,"Swift, iOS Development Mobile Apps Intermediate Neutral Web Design",28,4
3.31,"AWS, Docker, Kubernetes",Cloud Computing,Beginner,Extrovert,17,3,3,Blockchain Project 147,Designs and develops a blockchain tool to enhance learning and collaboration.,Blockchain,"AWS, Docker, Kubernetes Cloud Computing Beginner Extrovert Blockchain",7,4
3.26,"Python, ML, Data Science, TensorFlow",AI & Data,Intermediate,Introvert,22,4,3,Game Optimization Tool,Designs and develops a game dev tool to enhance learning and collaboration.,Game Dev,"Python, ML, Data Science, TensorFlow AI & Data Intermediate Introvert Game Dev",19,4
3.17,"JavaScript, React, Node.js, MongoDB",Mobile + AI,Intermediate,Extrovert,12,3,4,AI-Based Energy Monitoring System,Implements a iot system to solve real-world problems in academic settings.,IoT,"JavaScript, React, Node.js, MongoDB Mobile + AI Intermediate Extrovert IoT",54,4
3.12,"HTML, CSS, JS, PHP",DevOps,Beginner,Ambivert,18,3,3,AI & NLP Project 150,Engineers a secure ai & nlp solution with focus on data privacy and integrity.,AI & NLP,"HTML, CSS, JS, PHP DevOps Beginner Ambivert AI & NLP",42,4
3.05,"Circuit Design, Sensors",IoT & Hardware,Beginner,Neutral,18,3,3,Smart E-commerce Platform,Creates an innovative web application application with modern technologies and best practices.,Web Application,"Circuit Design, Sensors IoT & Hardware Beginner Neutral Web Application",25,4
4.0,"Python, Django, PostgreSQL",Frontend Design,Intermediate,Extrovert,15,3,3,AI-Based Campus Navigation System,Implements a mobile development system to solve real-world problems in academic settings.,Mobile Development,"Python, Django, PostgreSQL Frontend Design Intermediate Extrovert Mobile Development",50,4
3.64,"HTML, CSS, JS, PHP",DevOps,Beginner,Neutral,16,2,2,Intelligent AI Solution,Constructs a robust ai & nlp framework for scalable and efficient performance.,AI & NLP,"HTML, CSS, JS, PHP DevOps Beginner Neutral AI & NLP",43,4
4.0,"Java, Spring Boot, MySQL",Web Development,Advanced,Introvert,20,4,2,Real-time Health Prediction Monitor,Develops a data science solution for educational purposes using Java.,Data Science,"Java, Spring Boot, MySQL Web Development Advanced Introvert Data Science",35,4
3.74,"Python, Django, PostgreSQL",Mobile + AI,Intermediate,Introvert,8,2,5,Real-time Object Detection Monitor,Implements a computer vision system to solve real-world problems in academic settings.,Computer Vision,"Python, Django, PostgreSQL Mobile + AI Intermediate Introvert Computer Vision",49,4
2.72,"HTML, CSS, JS, PHP",Deep Learning,Intermediate,Neutral,21,2,4,Smart Smart Home Platform,Builds a comprehensive iot platform with user-friendly interface and advanced features.,IoT,"HTML, CSS, JS, PHP Deep Learning Intermediate Neutral IoT",39,4
2.74,"Circuit Design, Sensors",IoT & Hardware,Intermediate,Neutral,23,4,3,Blockchain Project 157,Prototypes a cutting-edge blockchain application using emerging technologies.,Blockchain,"Circuit Design, Sensors IoT & Hardware Intermediate Neutral Blockchain",26,4
2.64,"MQTT, Cloud IoT",IoT & Hardware,Intermediate,Ambivert,10,3,5,Blockchain Project 158,Constructs a robust blockchain framework for scalable and efficient performance.,Blockchain,"MQTT, Cloud IoT IoT & Hardware Intermediate Ambivert Blockchain",36,4
3.39,"JavaScript, React, Node.js, MongoDB",Frontend Design,Intermediate,Ambivert,16,3,2,Data Privacy Recommendation System,Prototypes a cutting-edge cybersecurity application using emerging technologies.,Cybersecurity,"JavaScript, React, Node.js, MongoDB Frontend Design Intermediate Ambivert Cybersecurity",74,4
3.85,"Python, R, SQL, Statistics",AI & Data,Beginner,Introvert,11,4,3,AI & NLP Project 160,Engineers a secure ai & nlp solution with focus on data privacy and integrity.,AI & NLP,"Python, R, SQL, Statistics AI & Data Beginner Introvert AI & NLP",38,4
2.69,"JavaScript, React, Node.js, MongoDB",DevOps,Intermediate,Introvert,9,4,4,Smart Environmental Sensing Platform,Creates an innovative iot application with modern technologies and best practices.,IoT,"JavaScript, React, Node.js, MongoDB DevOps Intermediate Introvert IoT",59,4
3.41,"JavaScript, React, Node.js, MongoDB",Natural Language Processing,Intermediate,Neutral,14,3,4,Event Management Recommendation System,Creates an innovative mobile development application with modern technologies and best practices.,Mobile Development,"JavaScript, React, Node.js, MongoDB Natural Language Processing Intermediate Neutral Mobile Development",70,4
3.37,"Swift, iOS Development",Mobile Apps,Intermediate,Introvert,16,2,4,Web Development Project 163,Constructs a robust web development framework for scalable and efficient performance.,Web Development,"Swift, iOS Development Mobile Apps Intermediate Introvert Web Development",29,4
3.4,"Java, Spring Boot, MySQL",Natural Language Processing,Advanced,Neutral,24,4,3,Web Design Project 164,Implements a web design system to solve real-world problems in academic settings.,Web Design,"Java, Spring Boot, MySQL Natural Language Processing Advanced Neutral Web Design",47,4
3.33,"SQL, Excel, Tableau",Data Analytics,Intermediate,Neutral,15,4,5,Automated Object Detection Framework,Builds a comprehensive computer vision platform with user-friendly interface and advanced features.,Computer Vision,"SQL, Excel, Tableau Data Analytics Intermediate Neutral Computer Vision",30,4
3.61,"JavaScript, React, Node.js, MongoDB",Web Development,Beginner,Introvert,20,3,2,Energy Monitoring Analytics Platform,Develops a iot solution for educational purposes using JavaScript.,IoT,"JavaScript, React, Node.js, MongoDB Web Development Beginner Introvert IoT",0,4
2.96,"Java, Spring Boot, MySQL",Full Stack,Intermediate,Introvert,10,3,4,Web Development Project 167,Implements a web development system to solve real-world problems in academic settings.,Web Development,"Java, Spring Boot, MySQL Full Stack Intermediate Introvert Web Development",62,4
2.66,"Python, Django, PostgreSQL",Web Development,Beginner,Ambivert,17,2,3,AI & NLP Project 168,Builds a comprehensive ai & nlp platform with user-friendly interface and advanced features.,AI & NLP,"Python, Django, PostgreSQL Web Development Beginner Ambivert AI & NLP",32,4
3.27,"Unity, C#, 3D Modeling",Game Development,Intermediate,Introvert,13,2,4,Blockchain Project 169,Develops a blockchain solution for educational purposes using Unity.,Blockchain,"Unity, C#, 3D Modeling Game Development Intermediate Introvert Blockchain",6,4
3.49,"Azure, Terraform, CI/CD",Cloud Computing,Beginner,Extrovert,23,4,2,Study Assistant Detection System,Prototypes a cutting-edge mobile development application using emerging technologies.,Mobile Development,"Azure, Terraform, CI/CD Cloud Computing Beginner Extrovert Mobile Development",15,4
3.47,"Flutter, Dart, Firebase",Mobile Apps,Intermediate,Introvert,14,3,4,Intelligent Environmental Sensing Solution,Implements a iot system to solve real-world problems in academic settings.,IoT,"Flutter, Dart, Firebase Mobile Apps Intermediate Introvert IoT",10,4
3.78,"Azure, Terraform, CI/CD",Cloud Computing,Intermediate,Neutral,12,3,4,Learning Management Management Dashboard,Engineers a secure web application solution with focus on data privacy and integrity.,Web Application,"Azure, Terraform, CI/CD Cloud Computing Intermediate Neutral Web Application",16,4
3.34,"Python, ML, Data Science, TensorFlow",AI & Data,Beginner,Extrovert,12,3,5,AI-Based Study Assistant System,Develops a mobile development solution for educational purposes using Python.,Mobile Development,"Python, ML, Data Science, TensorFlow AI & Data Beginner Extrovert Mobile Development",18,4
2.85,"GCP, Microservices, Serverless",Cloud Computing,Intermediate,Neutral,11,3,5,Real-time Game Monitor,Creates an innovative game dev application with modern technologies and best practices.,Game Dev,"GCP, Microservices, Serverless Cloud Computing Intermediate Neutral Game Dev",24,4
3.41,"ML, Forecasting",Data Analytics,Intermediate,Introvert,8,3,5,AI-Based AR/VR System,Creates an innovative ar/vr application with modern technologies and best practices.,AR/VR,"ML, Forecasting Data Analytics Intermediate Introvert AR/VR",38,4
3.38,"Java, Spring Boot, MySQL",Web Development,Beginner,Neutral,18,4,3,Market Analysis Optimization Tool,Prototypes a cutting-edge data science application using emerging technologies.,Data Science,"Java, Spring Boot, MySQL Web Development Beginner Neutral Data Science",35,4
3.45,"HTML, CSS, JS, PHP",Full Stack,Advanced,Extrovert,19,3,4,Environmental Sensing Chatbot Assistant,Develops a iot solution for educational purposes using HTML.,IoT,"HTML, CSS, JS, PHP Full Stack Advanced Extrovert IoT",58,4
3.2,"Unity, C#, 3D Modeling",Game Development,Beginner,Extrovert,12,4,2,Health Prediction Detection System,Builds a comprehensive data science platform with user-friendly interface and advanced features.,Data Science,"Unity, C#, 3D Modeling Game Development Beginner Extrovert Data Science",63,4
3.57,"GCP, Microservices, Serverless",Cloud Computing,Beginner,Extrovert,15,4,3,Web Development Project 179,Builds a comprehensive web development platform with user-friendly interface and advanced features.,Web Development,"GCP, Microservices, Serverless Cloud Computing Beginner Extrovert Web Development",24,4
3.76,"GCP, Microservices, Serverless",Cloud Computing,Advanced,Neutral,23,3,4,AI-Based Data Privacy System,Creates an innovative cybersecurity application with modern technologies and best practices.,Cybersecurity,"GCP, Microservices, Serverless Cloud Computing Advanced Neutral Cybersecurity",23,4
3.06,"Cryptography, Python",Cybersecurity,Intermediate,Neutral,19,4,3,Face Recognition Prediction Model,Implements a computer vision system to solve real-world problems in academic settings.,Computer Vision,"Cryptography, Python Cybersecurity Intermediate Neutral Computer Vision",33,4
2.79,"HTML, CSS, JS, PHP",Mobile + AI,Beginner,Ambivert,19,2,4,E-commerce Management Dashboard,Constructs a robust web application framework for scalable and efficient performance.,Web Application,"HTML, CSS, JS, PHP Mobile + AI Beginner Ambivert Web Application",42,4
3.79,"Java, Spring Boot, MySQL",Frontend Design,Intermediate,Neutral,18,3,3,Cost Management Analytics Platform,Builds a comprehensive cloud platform with user-friendly interface and advanced features.,Cloud,"Java, Spring Boot, MySQL Frontend Design Intermediate Neutral Cloud",51,4
3.24,"Unity, C#, 3D Modeling",Game Development,Beginner,Extrovert,22,4,4,Intelligent Project Management Solution,Prototypes a cutting-edge web application application using emerging technologies.,Web Application,"Unity, C#, 3D Modeling Game Development Beginner Extrovert Web Application",64,4
2.91,"C++, Arduino, Raspberry Pi",IoT & Hardware,Intermediate,Neutral,14,4,2,Smart Home Prediction Model,Creates an innovative iot application with modern technologies and best practices.,IoT,"C++, Arduino, Raspberry Pi IoT & Hardware Intermediate Neutral IoT",14,4
2.59,"JavaScript, React, Node.js, MongoDB",Frontend Design,Intermediate,Ambivert,11,4,5,Smart Vulnerability Assessment Platform,Develops a cybersecurity solution for educational purposes using JavaScript.,Cybersecurity,"JavaScript, React, Node.js, MongoDB Frontend Design Intermediate Ambivert Cybersecurity",74,4
3.97,"Python, Django, PostgreSQL",Full Stack,Beginner,Introvert,20,2,5,Real-time Health Tracking Monitor,Develops a mobile development solution for educational purposes using Python.,Mobile Development,"Python, Django, PostgreSQL Full Stack Beginner Introvert Mobile Development",66,4
3.46,"Java, Spring Boot, MySQL",DevOps,Intermediate,Neutral,18,4,4,Web Design Project 188,Creates an innovative web design application with modern technologies and best practices.,Web Design,"Java, Spring Boot, MySQL DevOps Intermediate Neutral Web Design",2,4
2.69,"Python, Pandas, Power BI",Data Analytics,Beginner,Introvert,11,2,3,Text Summarization Prediction Model,Prototypes a cutting-edge nlp application using emerging technologies.,NLP,"Python, Pandas, Power BI Data Analytics Beginner Introvert NLP",22,4
3.81,"Python, Django, PostgreSQL",Mobile + AI,Intermediate,Extrovert,9,4,3,Intelligent Sentiment Analysis Solution,Prototypes a cutting-edge nlp application using emerging technologies.,NLP,"Python, Django, PostgreSQL Mobile + AI Intermediate Extrovert NLP",32,4
3.75,"JavaScript, React, Node.js, MongoDB",Natural Language Processing,Intermediate,Introvert,23,2,5,Blockchain Project 191,Engineers a secure blockchain solution with focus on data privacy and integrity.,Blockchain,"JavaScript, React, Node.js, MongoDB Natural Language Processing Intermediate Introvert Blockchain",23,4
3.04,"Python, Django, PostgreSQL",Natural Language Processing,Intermediate,Introvert,16,3,5,Agriculture Analytics Platform,Designs and develops a iot tool to enhance learning and collaboration.,IoT,"Python, Django, PostgreSQL Natural Language Processing Intermediate Introvert IoT",48,4
3.59,"JavaScript, React, Node.js, MongoDB",Natural Language Processing,Intermediate,Ambivert,17,4,3,Intelligent Threat Detection Solution,Designs and develops a cybersecurity tool to enhance learning and collaboration.,Cybersecurity,"JavaScript, React, Node.js, MongoDB Natural Language Processing Intermediate Ambivert Cybersecurity",70,4
3.97,"MQTT, Cloud IoT",IoT & Hardware,Intermediate,Introvert,12,3,3,Study Assistant Chatbot Assistant,Creates an innovative mobile development application with modern technologies and best practices.,Mobile Development,"MQTT, Cloud IoT IoT & Hardware Intermediate Introvert Mobile Development",37,4
3.34,"React Native, JavaScript",Mobile Apps,Beginner,Extrovert,19,4,2,Campus Navigation Prediction Model,Builds a comprehensive mobile development platform with user-friendly interface and advanced features.,Mobile Development,"React Native, JavaScript Mobile Apps Beginner Extrovert Mobile Development",77,4
3.36,"Python, Embedded Systems",IoT & Hardware,Beginner,Extrovert,14,3,4,Automated Game Framework,Develops a game dev solution for educational purposes using Python.,Game Dev,"Python, Embedded Systems IoT & Hardware Beginner Extrovert Game Dev",27,4
3.09,"React Native, JavaScript",Mobile Apps,Advanced,Extrovert,11,4,2,Cost Management Chatbot Assistant,Engineers a secure cloud solution with focus on data privacy and integrity.,Cloud,"React Native, JavaScript Mobile Apps Advanced Extrovert Cloud",34,4
3.29,"HTML, CSS, JS, PHP",Web Development,Intermediate,Ambivert,22,4,2,Data Privacy Prediction Model,Constructs a robust cybersecurity framework for scalable and efficient performance.,Cybersecurity,"HTML, CSS, JS, PHP Web Development Intermediate Ambivert Cybersecurity",53,4
3.62,"JavaScript, React, Node.js, MongoDB",Mobile + AI,Intermediate,Introvert,19,2,2,AI & NLP Project 199,Develops a ai & nlp solution for educational purposes using JavaScript.,AI & NLP,"JavaScript, React, Node.js, MongoDB Mobile + AI Intermediate Introvert AI & NLP",54,4
2.8,"Java, Spring Boot, MySQL",Web Development,Beginner,Neutral,17,2,2,Real-time Social Media Monitor,Develops a web application solution for educational purposes using Java.,Web Application,"Java, Spring Boot, MySQL Web Development Beginner Neutral Web Application",69,4
3.12,"JavaScript, React, Node.js, MongoDB",Deep Learning,Intermediate,Extrovert,22,4,3,Game Chatbot Assistant,Designs and develops a game dev tool to enhance learning and collaboration.,Game Dev,"JavaScript, React, Node.js, MongoDB Deep Learning Intermediate Extrovert Game Dev",48,4
4.0,"React Native, JavaScript",Mobile Apps,Beginner,Neutral,22,2,4,Web Development Project 202,Engineers a secure web development solution with focus on data privacy and integrity.,Web Development,"React Native, JavaScript Mobile Apps Beginner Neutral Web Development",76,4
3.72,"Python, Django, PostgreSQL",Web Development,Intermediate,Ambivert,19,3,5,Automated Financial Forecasting Framework,Develops a data science solution for educational purposes using Python.,Data Science,"Python, Django, PostgreSQL Web Development Intermediate Ambivert Data Science",0,4
3.5,"Flutter, Dart, Firebase",Mobile Apps,Intermediate,Neutral,22,4,5,Blockchain Project 204,Prototypes a cutting-edge blockchain application using emerging technologies.,Blockchain,"Flutter, Dart, Firebase Mobile Apps Intermediate Neutral Blockchain",10,4
3.84,"Network Security, Ethical Hacking",Cybersecurity,Intermediate,Neutral,16,4,3,Web Design Project 205,Creates an innovative web design application with modern technologies and best practices.,Web Design,"Network Security, Ethical Hacking Cybersecurity Intermediate Neutral Web Design",20,4
2.98,"Java, Spring Boot, MySQL",DevOps,Intermediate,Extrovert,16,4,3,Automated Social Media Framework,Develops a web application solution for educational purposes using Java.,Web Application,"Java, Spring Boot, MySQL DevOps Intermediate Extrovert Web Application",2,4
3.83,"AWS, Docker, Kubernetes",Cloud Computing,Beginner,Introvert,10,3,3,Automated Agriculture Framework,Creates an innovative iot application with modern technologies and best practices.,IoT,"AWS, Docker, Kubernetes Cloud Computing Beginner Introvert IoT",8,4
3.25,"JavaScript, React, Node.js, MongoDB",DevOps,Beginner,Extrovert,16,3,4,Project Management Recommendation System,Develops a web application solution for educational purposes using JavaScript.,Web Application,"JavaScript, React, Node.js, MongoDB DevOps Beginner Extrovert Web Application",1,4
4.0,"Python, ML, Data Science, TensorFlow",AI & Data,Intermediate,Neutral,10,2,5,Smart AR/VR Platform,Creates an innovative ar/vr application with modern technologies and best practices.,AR/VR,"Python, ML, Data Science, TensorFlow AI & Data Intermediate Neutral AR/VR",19,4
2.65,"HTML, CSS, JS, PHP",Deep Learning,Beginner,Neutral,13,2,5,Game Management Dashboard,Implements a game dev system to solve real-world problems in academic settings.,Game Dev,"HTML, CSS, JS, PHP Deep Learning Beginner Neutral Game Dev",41,4
3.1,"React Native, JavaScript",Mobile Apps,Advanced,Extrovert,16,3,5,Real-time AR/VR Monitor,Implements a ar/vr system to solve real-world problems in academic settings.,AR/VR,"React Native, JavaScript Mobile Apps Advanced Extrovert AR/VR",35,4
3.88,"SIEM Tools, Risk Assessment",Cybersecurity,Beginner,Introvert,21,3,3,Health Tracking Management Dashboard,Constructs a robust mobile development framework for scalable and efficient performance.,Mobile Development,"SIEM Tools, Risk Assessment Cybersecurity Beginner Introvert Mobile Development",13,4
3.4,"Python, Django, PostgreSQL",DevOps,Intermediate,Extrovert,21,4,3,Web Design Project 213,Constructs a robust web design framework for scalable and efficient performance.,Web Design,"Python, Django, PostgreSQL DevOps Intermediate Extrovert Web Design",57,4
3.27,"C++, Arduino, Raspberry Pi",IoT & Hardware,Beginner,Extrovert,16,4,2,Student Performance Detection System,Constructs a robust data science framework for scalable and efficient performance.,Data Science,"C++, Arduino, Raspberry Pi IoT & Hardware Beginner Extrovert Data Science",14,4
2.66,"Cryptography, Python",Cybersecurity,Intermediate,Extrovert,11,4,5,E-commerce Analytics Platform,Constructs a robust web application framework for scalable and efficient performance.,Web Application,"Cryptography, Python Cybersecurity Intermediate Extrovert Web Application",66,4
3.61,"JavaScript, React, Node.js, MongoDB",Natural Language Processing,Advanced,Neutral,23,2,3,Automated Image Classification Framework,Implements a computer vision system to solve real-world problems in academic settings.,Computer Vision,"JavaScript, React, Node.js, MongoDB Natural Language Processing Advanced Neutral Computer Vision",78,4
3.01,"Flutter, Dart, Firebase",Mobile Apps,Intermediate,Extrovert,16,3,2,Intelligent Campus Navigation Solution,Creates an innovative mobile development application with modern technologies and best practices.,Mobile Development,"Flutter, Dart, Firebase Mobile Apps Intermediate Extrovert Mobile Development",9,4
3.31,"HTML, CSS, JS, PHP",Frontend Design,Intermediate,Introvert,22,3,5,Blockchain Project 218,Designs and develops a blockchain tool to enhance learning and collaboration.,Blockchain,"HTML, CSS, JS, PHP Frontend Design Intermediate Introvert Blockchain",5,4
3.22,"Python, Pandas, Power BI",Data Analytics,Beginner,Introvert,24,2,5,Web Development Project 219,Builds a comprehensive web development platform with user-friendly interface and advanced features.,Web Development,"Python, Pandas, Power BI Data Analytics Beginner Introvert Web Development",22,4
2.6,"AWS, Docker, Kubernetes",Cloud Computing,Beginner,Neutral,24,3,3,Real-time Cost Management Monitor,Develops a cloud solution for educational purposes using AWS.,Cloud,"AWS, Docker, Kubernetes Cloud Computing Beginner Neutral Cloud",7,4
2.99,"Python, Pandas, Power BI",Data Analytics,Beginner,Introvert,14,4,2,Web Design Project 221,Implements a web design system to solve real-world problems in academic settings.,Web Design,"Python, Pandas, Power BI Data Analytics Beginner Introvert Web Design",23,4
3.22,"Python, Django, PostgreSQL",DevOps,Intermediate,Neutral,24,4,5,Smart Learning Management Platform,Builds a comprehensive web application platform with user-friendly interface and advanced features.,Web Application,"Python, Django, PostgreSQL DevOps Intermediate Neutral Web Application",71,4
2.97,"JavaScript, React, Node.js, MongoDB",Web Development,Beginner,Introvert,24,2,5,Intelligent Vulnerability Assessment Solution,Develops a cybersecurity solution for educational purposes using JavaScript.,Cybersecurity,"JavaScript, React, Node.js, MongoDB Web Development Beginner Introvert Cybersecurity",1,4
2.42,"Java, Spring Boot, MySQL",Full Stack,Intermediate,Neutral,9,4,4,AR/VR Recommendation System,Constructs a robust ar/vr framework for scalable and efficient performance.,AR/VR,"Java, Spring Boot, MySQL Full Stack Intermediate Neutral AR/VR",45,4
3.58,"R, Statistics, Visualization",Data Analytics,Advanced,Neutral,9,2,3,Sentiment Analysis Prediction Model,Develops a nlp solution for educational purposes using R.,NLP,"R, Statistics, Visualization Data Analytics Advanced Neutral NLP",49,4
3.39,"SQL, Excel, Tableau",Data Analytics,Intermediate,Introvert,20,4,3,AI-Based Environmental Sensing System,Engineers a secure iot solution with focus on data privacy and integrity.,IoT,"SQL, Excel, Tableau Data Analytics Intermediate Introvert IoT",30,4
3.83,"HTML, CSS, JS, PHP",Natural Language Processing,Beginner,Ambivert,11,4,2,Web Design Project 227,Builds a comprehensive web design platform with user-friendly interface and advanced features.,Web Design,"HTML, CSS, JS, PHP Natural Language Processing Beginner Ambivert Web Design",45,4
3.24,"Python, Data Visualization, Tableau",AI & Data,Beginner,Extrovert,12,3,5,Smart Agriculture Platform,Implements a iot system to solve real-world problems in academic settings.,IoT,"Python, Data Visualization, Tableau AI & Data Beginner Extrovert IoT",73,4
3.08,"Python, Django, PostgreSQL",DevOps,Beginner,Neutral,12,3,5,Health Tracking Prediction Model,Constructs a robust mobile development framework for scalable and efficient performance.,Mobile Development,"Python, Django, PostgreSQL DevOps Beginner Neutral Mobile Development",57,4
3.22,"Python, Deep Learning, PyTorch",AI & Data,Intermediate,Extrovert,12,4,5,Health Prediction Optimization Tool,Implements a data science system to solve real-world problems in academic settings.,Data Science,"Python, Deep Learning, PyTorch AI & Data Intermediate Extrovert Data Science",44,4
2.59,"Python, Django, PostgreSQL",Natural Language Processing,Beginner,Introvert,17,2,3,AR/VR Detection System,Creates an innovative ar/vr application with modern technologies and best practices.,AR/VR,"Python, Django, PostgreSQL Natural Language Processing Beginner Introvert AR/VR",36,4
2.72,"AWS, Docker, Kubernetes",Cloud Computing,Advanced,Extrovert,22,4,5,Face Recognition Management Dashboard,Develops a computer vision solution for educational purposes using AWS.,Computer Vision,"AWS, Docker, Kubernetes Cloud Computing Advanced Extrovert Computer Vision",8,4
3.99,"JavaScript, React, Node.js, MongoDB",Natural Language Processing,Intermediate,Introvert,17,3,5,AR/VR Prediction Model,Designs and develops a ar/vr tool to enhance learning and collaboration.,AR/VR,"JavaScript, React, Node.js, MongoDB Natural Language Processing Intermediate Introvert AR/VR",61,4
4.0,"JavaScript, React, Node.js, MongoDB",Deep Learning,Intermediate,Introvert,24,4,5,Learning Management Prediction Model,Develops a web application solution for educational purposes using JavaScript.,Web Application,"JavaScript, React, Node.js, MongoDB Deep Learning Intermediate Introvert Web Application",53,4
3.22,"JavaScript, React, Node.js, MongoDB",Full Stack,Beginner,Ambivert,12,3,4,Cost Management Management Dashboard,Implements a cloud system to solve real-world problems in academic settings.,Cloud,"JavaScript, React, Node.js, MongoDB Full Stack Beginner Ambivert Cloud",75,4
3.88,"JavaScript, React, Node.js, MongoDB",Natural Language Processing,Intermediate,Extrovert,18,3,5,Energy Monitoring Detection System,Constructs a robust iot framework for scalable and efficient performance.,IoT,"JavaScript, React, Node.js, MongoDB Natural Language Processing Intermediate Extrovert IoT",62,4
3.31,"Azure, Terraform, CI/CD",Cloud Computing,Intermediate,Introvert,13,4,2,Blockchain Project 237,Designs and develops a blockchain tool to enhance learning and collaboration.,Blockchain,"Azure, Terraform, CI/CD Cloud Computing Intermediate Introvert Blockchain",15,4
3.56,"Python, ML, Data Science, TensorFlow",AI & Data,Intermediate,Ambivert,13,4,4,Agriculture Chatbot Assistant,Creates an innovative iot application with modern technologies and best practices.,IoT,"Python, ML, Data Science, TensorFlow AI & Data Intermediate Ambivert IoT",18,4
4.0,"SIEM Tools, Risk Assessment",Cybersecurity,Intermediate,Extrovert,23,4,3,AI & NLP Project 239,Designs and develops a ai & nlp tool to enhance learning and collaboration.,AI & NLP,"SIEM Tools, Risk Assessment Cybersecurity Intermediate Extrovert AI & NLP",13,4
3.2,"HTML, CSS, JS, PHP",Frontend Design,Intermediate,Neutral,8,4,3,Student Performance Chatbot Assistant,Creates an innovative data science application with modern technologies and best practices.,Data Science,"HTML, CSS, JS, PHP Frontend Design Intermediate Neutral Data Science",75,4
3.23,"Python, Django, PostgreSQL",DevOps,Beginner,Introvert,10,3,5,AR/VR Project 241,Implements a ar/vr system to solve real-world problems in academic settings.,AR/VR,"Python, Django, PostgreSQL DevOps Beginner Introvert AR/VR",40,4
3.0,"Python, Django, PostgreSQL",Frontend Design,Advanced,Introvert,14,2,4,AI-Based Face Recognition System,Constructs a robust computer vision framework for scalable and efficient performance.,Computer Vision,"Python, Django, PostgreSQL Frontend Design Advanced Introvert Computer Vision",49,4
3.32,"Circuit Design, Sensors",IoT & Hardware,Intermediate,Extrovert,24,3,4,Blockchain Project 243,Engineers a secure blockchain solution with focus on data privacy and integrity.,Blockchain,"Circuit Design, Sensors IoT & Hardware Intermediate Extrovert Blockchain",25,4
3.41,"Java, Spring Boot, MySQL",DevOps,Beginner,Neutral,18,2,5,AI-Based Object Detection System,Designs and develops a computer vision tool to enhance learning and collaboration.,Computer Vision,"Java, Spring Boot, MySQL DevOps Beginner Neutral Computer Vision",65,4
3.17,"HTML, CSS, JS, PHP",Web Development,Beginner,Extrovert,18,3,2,Intelligent Resource Optimization Solution,Implements a cloud system to solve real-world problems in academic settings.,Cloud,"HTML, CSS, JS, PHP Web Development Beginner Extrovert Cloud",79,4
3.36,"HTML, CSS, JS, PHP",Web Development,Intermediate,Ambivert,20,4,2,Web Development Project 246,Develops a web development solution for educational purposes using HTML.,Web Development,"HTML, CSS, JS, PHP Web Development Intermediate Ambivert Web Development",52,4
3.04,"Kotlin, Android Studio",Mobile Apps,Advanced,Extrovert,19,3,3,Smart Gesture Recognition Platform,Constructs a robust computer vision framework for scalable and efficient performance.,Computer Vision,"Kotlin, Android Studio Mobile Apps Advanced Extrovert Computer Vision",25,4
3.14,"HTML, CSS, JS, PHP",Deep Learning,Beginner,Ambivert,20,3,2,AR/VR Analytics Platform,Develops a ar/vr solution for educational purposes using HTML.,AR/VR,"HTML, CSS, JS, PHP Deep Learning Beginner Ambivert AR/VR",39,4
3.46,"JavaScript, React, Node.js, MongoDB",Natural Language Processing,Intermediate,Neutral,20,3,2,Health Prediction Prediction Model,Builds a comprehensive data science platform with user-friendly interface and advanced features.,Data Science,"JavaScript, React, Node.js, MongoDB Natural Language Processing Intermediate Neutral Data Science",70,4
3.55,"Python, Django, PostgreSQL",Web Development,Beginner,Neutral,15,3,3,Face Recognition Analytics Platform,Constructs a robust computer vision framework for scalable and efficient performance.,Computer Vision,"Python, Django, PostgreSQL Web Development Beginner Neutral Computer Vision",42,4
3.39,"Python, Embedded Systems",IoT & Hardware,Beginner,Introvert,9,3,2,Study Assistant Recommendation System,Develops a mobile development solution for educational purposes using Python.,Mobile Development,"Python, Embedded Systems IoT & Hardware Beginner Introvert Mobile Development",28,4
3.89,"Python, Django, PostgreSQL",Deep Learning,Beginner,Ambivert,18,2,5,Vulnerability Assessment Detection System,Builds a comprehensive cybersecurity platform with user-friendly interface and advanced features.,Cybersecurity,"Python, Django, PostgreSQL Deep Learning Beginner Ambivert Cybersecurity",4,4
2.95,"Azure, Terraform, CI/CD",Cloud Computing,Advanced,Introvert,17,4,4,Blockchain Project 253,Develops a blockchain solution for educational purposes using Azure.,Blockchain,"Azure, Terraform, CI/CD Cloud Computing Advanced Introvert Blockchain",15,4
3.01,Penetration Testing,Cybersecurity,Intermediate,Neutral,15,2,3,Container Orchestration Detection System,Implements a cloud system to solve real-world problems in academic settings.,Cloud,Penetration Testing Cybersecurity Intermediate Neutral Cloud,77,4
3.42,"HTML, CSS, JS, PHP",Web Development,Intermediate,Extrovert,19,4,5,Threat Detection Prediction Model,Engineers a secure cybersecurity solution with focus on data privacy and integrity.,Cybersecurity,"HTML, CSS, JS, PHP Web Development Intermediate Extrovert Cybersecurity",52,4
3.36,"MQTT, Cloud IoT",IoT & Hardware,Advanced,Introvert,22,3,2,Object Detection Optimization Tool,Builds a comprehensive computer vision platform with user-friendly interface and advanced features.,Computer Vision,"MQTT, Cloud IoT IoT & Hardware Advanced Introvert Computer Vision",37,4
3.63,"SQL, Excel, Tableau",Data Analytics,Beginner,Extrovert,20,3,5,Automated Health Prediction Framework,Implements a data science system to solve real-world problems in academic settings.,Data Science,"SQL, Excel, Tableau Data Analytics Beginner Extrovert Data Science",30,4
3.4,"Python, ML, Data Science, TensorFlow",AI & Data,Advanced,Introvert,22,4,2,Blockchain Project 258,Constructs a robust blockchain framework for scalable and efficient performance.,Blockchain,"Python, ML, Data Science, TensorFlow AI & Data Advanced Introvert Blockchain",18,4
2.78,"Python, Django, PostgreSQL",DevOps,Beginner,Introvert,19,2,4,Game Dev Project 259,Creates an innovative game dev application with modern technologies and best practices.,Game Dev,"Python, Django, PostgreSQL DevOps Beginner Introvert Game Dev",57,4
3.38,"Python, Django, PostgreSQL",Deep Learning,Beginner,Neutral,13,4,2,Smart Resource Optimization Platform,Implements a cloud system to solve real-world problems in academic settings.,Cloud,"Python, Django, PostgreSQL Deep Learning Beginner Neutral Cloud",3,4
3.51,"Python, Django, PostgreSQL",Web Development,Beginner,Ambivert,11,4,3,Image Classification Optimization Tool,Develops a computer vision solution for educational purposes using Python.,Computer Vision,"Python, Django, PostgreSQL Web Development Beginner Ambivert Computer Vision",41,4
3.25,Penetration Testing,Cybersecurity,Intermediate,Neutral,19,2,2,Automated Data Privacy Framework,Builds a comprehensive cybersecurity platform with user-friendly interface and advanced features.,Cybersecurity,Penetration Testing Cybersecurity Intermediate Neutral Cybersecurity,77,4
3.55,"Java, Spring Boot, MySQL",Frontend Design,Beginner,Neutral,15,4,3,Energy Monitoring Optimization Tool,Designs and develops a iot tool to enhance learning and collaboration.,IoT,"Java, Spring Boot, MySQL Frontend Design Beginner Neutral IoT",51,4
2.79,"HTML, CSS, JS, PHP",Deep Learning,Intermediate,Extrovert,16,4,5,Web Design Project 264,Designs and develops a web design tool to enhance learning and collaboration.,Web Design,"HTML, CSS, JS, PHP Deep Learning Intermediate Extrovert Web Design",72,4
2.51,"Flutter, Dart, Firebase",Mobile Apps,Beginner,Extrovert,20,4,5,Web Design Project 265,Builds a comprehensive web design platform with user-friendly interface and advanced features.,Web Design,"Flutter, Dart, Firebase Mobile Apps Beginner Extrovert Web Design",10,4
3.66,"Python, Django, PostgreSQL",Mobile + AI,Beginner,Introvert,22,4,4,Network Monitoring Management Dashboard,Builds a comprehensive cybersecurity platform with user-friendly interface and advanced features.,Cybersecurity,"Python, Django, PostgreSQL Mobile + AI Beginner Introvert Cybersecurity",31,4
2.73,"JavaScript, React, Node.js, MongoDB",Frontend Design,Beginner,Introvert,21,3,2,Cost Management Detection System,Engineers a secure cloud solution with focus on data privacy and integrity.,Cloud,"JavaScript, React, Node.js, MongoDB Frontend Design Beginner Introvert Cloud",68,4
3.39,"JavaScript, React, Node.js, MongoDB",Deep Learning,Intermediate,Extrovert,15,3,2,Smart Campus Navigation Platform,Prototypes a cutting-edge mobile development application using emerging technologies.,Mobile Development,"JavaScript, React, Node.js, MongoDB Deep Learning Intermediate Extrovert Mobile Development",53,4
3.72,"JavaScript, React, Node.js, MongoDB",Web Development,Intermediate,Extrovert,20,3,4,Blockchain Project 269,Builds a comprehensive blockchain platform with user-friendly interface and advanced features.,Blockchain,"JavaScript, React, Node.js, MongoDB Web Development Intermediate Extrovert Blockchain",0,4
3.11,"Azure, Terraform, CI/CD",Cloud Computing,Intermediate,Neutral,16,2,2,Web Design Project 270,Engineers a secure web design solution with focus on data privacy and integrity.,Web Design,"Azure, Terraform, CI/CD Cloud Computing Intermediate Neutral Web Design",15,4
3.35,"Python, Deep Learning, PyTorch",AI & Data,Intermediate,Introvert,24,4,2,Resource Optimization Management Dashboard,Constructs a robust cloud framework for scalable and efficient performance.,Cloud,"Python, Deep Learning, PyTorch AI & Data Intermediate Introvert Cloud",44,4
2.6,"Python, ML, Data Science, TensorFlow",AI & Data,Intermediate,Extrovert,24,3,4,Smart Financial Forecasting Platform,Engineers a secure data science solution with focus on data privacy and integrity.,Data Science,"Python, ML, Data Science, TensorFlow AI & Data Intermediate Extrovert Data Science",18,4
3.17,"Python, Deep Learning, PyTorch",AI & Data,Intermediate,Neutral,24,3,4,AI & NLP Project 273,Implements a ai & nlp system to solve real-world problems in academic settings.,AI & NLP,"Python, Deep Learning, PyTorch AI & Data Intermediate Neutral AI & NLP",43,4
4.0,"Kotlin, Android Studio",Mobile Apps,Beginner,Neutral,21,3,2,Web Design Project 274,Implements a web design system to solve real-world problems in academic settings.,Web Design,"Kotlin, Android Studio Mobile Apps Beginner Neutral Web Design",24,4
2.85,"Java, Spring Boot, MySQL",Frontend Design,Intermediate,Neutral,14,3,5,Web Design Project 275,Designs and develops a web design tool to enhance learning and collaboration.,Web Design,"Java, Spring Boot, MySQL Frontend Design Intermediate Neutral Web Design",52,4
2.9,"ML, Forecasting",Data Analytics,Intermediate,Extrovert,8,4,3,AI & NLP Project 276,Develops a ai & nlp solution for educational purposes using ML.,AI & NLP,"ML, Forecasting Data Analytics Intermediate Extrovert AI & NLP",38,4
2.77,"Java, Spring Boot, MySQL",Natural Language Processing,Beginner,Introvert,12,3,3,Campus Navigation Optimization Tool,Builds a comprehensive mobile development platform with user-friendly interface and advanced features.,Mobile Development,"Java, Spring Boot, MySQL Natural Language Processing Beginner Introvert Mobile Development",47,4
3.33,"Python, Django, PostgreSQL",Full Stack,Intermediate,Introvert,10,3,5,Market Analysis Recommendation System,Constructs a robust data science framework for scalable and efficient performance.,Data Science,"Python, Django, PostgreSQL Full Stack Intermediate Introvert Data Science",0,4
3.41,"Network Security, Ethical Hacking",Cybersecurity,Advanced,Extrovert,16,4,5,Game Dev Project 279,Designs and develops a game dev tool to enhance learning and collaboration.,Game Dev,"Network Security, Ethical Hacking Cybersecurity Advanced Extrovert Game Dev",20,4
2.87,"Flutter, Dart, Firebase",Mobile Apps,Beginner,Introvert,22,4,3,Language Translation Management Dashboard,Prototypes a cutting-edge nlp application using emerging technologies.,NLP,"Flutter, Dart, Firebase Mobile Apps Beginner Introvert NLP",9,4
3.97,"Python, Pandas, Power BI",Data Analytics,Intermediate,Extrovert,11,3,2,AI & NLP Project 281,Builds a comprehensive ai & nlp platform with user-friendly interface and advanced features.,AI & NLP,"Python, Pandas, Power BI Data Analytics Intermediate Extrovert AI & NLP",22,4
3.59,"Flutter, Dart, Firebase",Mobile Apps,Intermediate,Introvert,24,4,2,AI & NLP Project 282,Implements a ai & nlp system to solve real-world problems in academic settings.,AI & NLP,"Flutter, Dart, Firebase Mobile Apps Intermediate Introvert AI & NLP",9,4
2.61,"Java, Spring Boot, MySQL",Full Stack,Advanced,Introvert,11,4,4,AR/VR Project 283,Develops a ar/vr solution for educational purposes using Java.,AR/VR,"Java, Spring Boot, MySQL Full Stack Advanced Introvert AR/VR",45,4
3.81,"JavaScript, React, Node.js, MongoDB",Natural Language Processing,Intermediate,Neutral,9,2,3,Container Orchestration Optimization Tool,Constructs a robust cloud framework for scalable and efficient performance.,Cloud,"JavaScript, React, Node.js, MongoDB Natural Language Processing Intermediate Neutral Cloud",69,4
2.65,"GCP, Microservices, Serverless",Cloud Computing,Advanced,Extrovert,9,3,3,Resource Optimization Chatbot Assistant,Implements a cloud system to solve real-world problems in academic settings.,Cloud,"GCP, Microservices, Serverless Cloud Computing Advanced Extrovert Cloud",23,4
2.49,"HTML, CSS, JS, PHP",Natural Language Processing,Advanced,Extrovert,10,4,3,Social Media Management Dashboard,Designs and develops a web application tool to enhance learning and collaboration.,Web Application,"HTML, CSS, JS, PHP Natural Language Processing Advanced Extrovert Web Application",46,4
3.62,"Unity, C#, 3D Modeling",Game Development,Intermediate,Extrovert,12,3,5,Game Dev Project 287,Prototypes a cutting-edge game dev application using emerging technologies.,Game Dev,"Unity, C#, 3D Modeling Game Development Intermediate Extrovert Game Dev",6,4
3.44,"Python, ML, Data Science, TensorFlow",AI & Data,Beginner,Introvert,20,4,4,Web Development Project 288,Creates an innovative web development application with modern technologies and best practices.,Web Development,"Python, ML, Data Science, TensorFlow AI & Data Beginner Introvert Web Development",17,4
3.88,"Java, Spring Boot, MySQL",DevOps,Intermediate,Introvert,18,3,4,Blockchain Project 289,Engineers a secure blockchain solution with focus on data privacy and integrity.,Blockchain,"Java, Spring Boot, MySQL DevOps Intermediate Introvert Blockchain",3,4
3.36,"Python, R, SQL, Statistics",AI & Data,Advanced,Neutral,15,4,3,Smart Object Detection Platform,Implements a computer vision system to solve real-world problems in academic settings.,Computer Vision,"Python, R, SQL, Statistics AI & Data Advanced Neutral Computer Vision",38,4
4.0,"Unreal Engine, C++, Game Design",Game Development,Advanced,Neutral,14,3,2,Web Design Project 291,Prototypes a cutting-edge web design application using emerging technologies.,Web Design,"Unreal Engine, C++, Game Design Game Development Advanced Neutral Web Design",12,4
3.85,"SQL, Excel, Tableau",Data Analytics,Intermediate,Introvert,8,2,2,Web Development Project 292,Constructs a robust web development framework for scalable and efficient performance.,Web Development,"SQL, Excel, Tableau Data Analytics Intermediate Introvert Web Development",31,4
2.76,"HTML, CSS, JS, PHP",Frontend Design,Intermediate,Introvert,24,2,3,Social Media Detection System,Designs and develops a web application tool to enhance learning and collaboration.,Web Application,"HTML, CSS, JS, PHP Frontend Design Intermediate Introvert Web Application",34,4
3.27,"Cryptography, Python",Cybersecurity,Beginner,Extrovert,21,4,5,Automated Container Orchestration Framework,Implements a cloud system to solve real-world problems in academic settings.,Cloud,"Cryptography, Python Cybersecurity Beginner Extrovert Cloud",60,4
3.82,"Cryptography, Python",Cybersecurity,Beginner,Neutral,24,2,5,Game Dev Project 295,Develops a game dev solution for educational purposes using Cryptography.,Game Dev,"Cryptography, Python Cybersecurity Beginner Neutral Game Dev",67,4
3.69,"Azure, Terraform, CI/CD",Cloud Computing,Intermediate,Ambivert,10,2,5,Network Monitoring Detection System,Designs and develops a cybersecurity tool to enhance learning and collaboration.,Cybersecurity,"Azure, Terraform, CI/CD Cloud Computing Intermediate Ambivert Cybersecurity",17,4
3.94,"Azure, Terraform, CI/CD",Cloud Computing,Intermediate,Neutral,23,4,2,Automated Market Analysis Framework,Builds a comprehensive data science platform with user-friendly interface and advanced features.,Data Science,"Azure, Terraform, CI/CD Cloud Computing Intermediate Neutral Data Science",16,4
3.4,"SIEM Tools, Risk Assessment",Cybersecurity,Intermediate,Introvert,19,4,3,Web Design Project 298,Engineers a secure web design solution with focus on data privacy and integrity.,Web Design,"SIEM Tools, Risk Assessment Cybersecurity Intermediate Introvert Web Design",12,4
2.92,"AWS, Docker, Kubernetes",Cloud Computing,Intermediate,Extrovert,10,3,2,Game Dev Project 299,Builds a comprehensive game dev platform with user-friendly interface and advanced features.,Game Dev,"AWS, Docker, Kubernetes Cloud Computing Intermediate Extrovert Game Dev",7,4
3.87,"Network Security, Ethical Hacking",Cybersecurity,Intermediate,Neutral,17,4,2,AI-Based Load Balancing System,Builds a comprehensive cloud platform with user-friendly interface and advanced features.,Cloud,"Network Security, Ethical Hacking Cybersecurity Intermediate Neutral Cloud",20,4
3.22,"AWS, Docker, Kubernetes",Cloud Computing,Beginner,Extrovert,21,4,3,Image Classification Chatbot Assistant,Prototypes a cutting-edge computer vision application using emerging technologies.,Computer Vision,"AWS, Docker, Kubernetes Cloud Computing Beginner Extrovert Computer Vision",8,4
3.29,"Cryptography, Python",Cybersecurity,Intermediate,Neutral,17,4,2,Intelligent Study Assistant Solution,Creates an innovative mobile development application with modern technologies and best practices.,Mobile Development,"Cryptography, Python Cybersecurity Intermediate Neutral Mobile Development",33,4
2.97,"Swift, iOS Development",Mobile Apps,Intermediate,Ambivert,21,3,4,Game Dev Project 303,Creates an innovative game dev application with modern technologies and best practices.,Game Dev,"Swift, iOS Development Mobile Apps Intermediate Ambivert Game Dev",29,4
3.91,"Python, Django, PostgreSQL",Frontend Design,Advanced,Neutral,16,4,4,AI & NLP Project 304,Implements a ai & nlp system to solve real-world problems in academic settings.,AI & NLP,"Python, Django, PostgreSQL Frontend Design Advanced Neutral AI & NLP",50,4
3.64,"HTML, CSS, JS, PHP",Natural Language Processing,Advanced,Introvert,20,2,3,AI-Based Smart Home System,Creates an innovative iot application with modern technologies and best practices.,IoT,"HTML, CSS, JS, PHP Natural Language Processing Advanced Introvert IoT",46,4
3.5,"React Native, JavaScript",Mobile Apps,Intermediate,Introvert,15,4,3,Event Management Prediction Model,Constructs a robust mobile development framework for scalable and efficient performance.,Mobile Development,"React Native, JavaScript Mobile Apps Intermediate Introvert Mobile Development",77,4
3.38,"HTML, CSS, JS, PHP",Full Stack,Intermediate,Introvert,23,2,4,Student Performance Optimization Tool,Engineers a secure data science solution with focus on data privacy and integrity.,Data Science,"HTML, CSS, JS, PHP Full Stack Intermediate Introvert Data Science",58,4
3.6,"HTML, CSS, JS, PHP",Frontend Design,Intermediate,Ambivert,12,3,2,Web Design Project 308,Implements a web design system to solve real-world problems in academic settings.,Web Design,"HTML, CSS, JS, PHP Frontend Design Intermediate Ambivert Web Design",76,4
2.61,"HTML, CSS, JS, PHP",Mobile + AI,Beginner,Extrovert,10,3,3,AI & NLP Project 309,Builds a comprehensive ai & nlp platform with user-friendly interface and advanced features.,AI & NLP,"HTML, CSS, JS, PHP Mobile + AI Beginner Extrovert AI & NLP",43,4
3.21,"HTML, CSS, JS, PHP",Web Development,Beginner,Ambivert,9,4,4,Automated Cost Management Framework,Prototypes a cutting-edge cloud application using emerging technologies.,Cloud,"HTML, CSS, JS, PHP Web Development Beginner Ambivert Cloud",79,4
3.27,"HTML, CSS, JS, PHP",Mobile + AI,Beginner,Introvert,19,3,4,AI-Based Image Classification System,Engineers a secure computer vision solution with focus on data privacy and integrity.,Computer Vision,"HTML, CSS, JS, PHP Mobile + AI Beginner Introvert Computer Vision",55,4
2.81,"JavaScript, React, Node.js, MongoDB",Mobile + AI,Intermediate,Extrovert,9,3,3,AR/VR Project 312,Constructs a robust ar/vr framework for scalable and efficient performance.,AR/VR,"JavaScript, React, Node.js, MongoDB Mobile + AI Intermediate Extrovert AR/VR",60,4
3.13,"HTML, CSS, JS, PHP",Deep Learning,Intermediate,Introvert,11,4,2,Blockchain Project 313,Designs and develops a blockchain tool to enhance learning and collaboration.,Blockchain,"HTML, CSS, JS, PHP Deep Learning Intermediate Introvert Blockchain",72,4
3.71,"Python, Django, PostgreSQL",DevOps,Beginner,Extrovert,9,4,3,AR/VR Project 314,Engineers a secure ar/vr solution with focus on data privacy and integrity.,AR/VR,"Python, Django, PostgreSQL DevOps Beginner Extrovert AR/VR",40,4
3.9,"Unity, C#, 3D Modeling",Game Development,Intermediate,Extrovert,20,3,3,AI-Based Health Tracking System,Creates an innovative mobile development application with modern technologies and best practices.,Mobile Development,"Unity, C#, 3D Modeling Game Development Intermediate Extrovert Mobile Development",63,4
3.51,"Java, Spring Boot, MySQL",Frontend Design,Advanced,Ambivert,15,4,3,AI-Based Container Orchestration System,Develops a cloud solution for educational purposes using Java.,Cloud,"Java, Spring Boot, MySQL Frontend Design Advanced Ambivert Cloud",52,4
3.65,"Java, Spring Boot, MySQL",Natural Language Processing,Intermediate,Neutral,20,3,2,Blockchain Project 317,Constructs a robust blockchain framework for scalable and efficient performance.,Blockchain,"Java, Spring Boot, MySQL Natural Language Processing Intermediate Neutral Blockchain",47,4
3.91,"Python, Data Visualization, Tableau",AI & Data,Beginner,Introvert,16,4,5,Gesture Recognition Prediction Model,Implements a computer vision system to solve real-world problems in academic settings.,Computer Vision,"Python, Data Visualization, Tableau AI & Data Beginner Introvert Computer Vision",21,4
