gpa,skills,interest_area,experience_level,personality_type,availability_hours,communication_score,leadership_score,proposed_topic,topic_description,domain_interest,text_features,Cluster,Group_ID,LLM_Evaluation
3.55,"Python, ML, AI",AI & Data,Intermediate,Extrovert,16,4,3,AI-Driven Campus Helper Chatbot,Develops an AI chatbot that assists SLIIT students with navigation and FAQ support.,AI & NLP,"Python, ML, AI AI & Data Intermediate Extrovert AI & NLP",24,0,"Evaluation of the project idea ""AI-Driven Campus Helper Chatbot"":

1. Relevance (Score: 8/10): The project idea of developing an AI chatbot to assist SLIIT students with navigation and FAQ support is highly relevant in the context of campus assistance. Chatbots are increasingly being used in educational institutions to provide quick and efficient support to students. This project addresses a real need and can potentially enhance the overall student experience at SLIIT.

2. Innovation and Creativity (Score: 7/10): Implementing AI technology in the form of a chatbot to help students navigate the campus and access frequently asked questions is a creative and innovative approach. While the idea itself is not groundbreaking, the execution and customization of the chatbot to cater to the specific needs of SLIIT students can set this project apart.

3. Technical Feasibility (Score: 9/10): Developing an AI-driven chatbot using Natural Language Processing (NLP) for campus assistance is technically feasible, given the advancements in AI technologies and the availability of NLP tools and libraries. Integrating the chatbot with SLIIT's resources, databases, and systems may require technical expertise but is achievable within the scope of the project.

4. Impact and Benefits (Score: 8/10): The AI-driven campus helper chatbot has the potential to significantly benefit SLIIT students by providing instant support for navigation and frequently asked questions. It can reduce the workload on administrative staff, improve student satisfaction, and enhance the overall efficiency of campus operations. The project has the potential to have a positive impact on the student community.

5. Implementation Plan (Score: 7/10): The successful implementation of the AI-driven campus helper chatbot will require a detailed plan covering aspects such as data collection, chatbot training, integration with existing systems, testing, and deployment. A clear roadmap with milestones, evaluation criteria, and resource allocation will be crucial for the project's success.

Overall, the idea of developing an AI-driven Campus Helper Chatbot for SLIIT students is promising and has the potential to offer significant benefits to the student community. With proper planning, execution, and customization, this project could enhance the overall student experience and streamline campus support services effectively."
3.25,"Flutter, Firebase, UX Design",Mobile Apps,Intermediate,Introvert,14,3,3,Smart Event Management App,An app for managing SLIIT events and student registrations.,Mobile Development,"Flutter, Firebase, UX Design Mobile Apps Intermediate Introvert Mobile Development",53,1,"Based on the provided information, the project idea of creating a Smart Event Management App for managing SLIIT events and student registrations seems promising and relevant within the domain of Mobile Development. 

Here are some points to consider for evaluating this project idea:

1. Need and Relevance: There is a clear need for an efficient event management system, especially in educational institutions such as SLIIT. Automating event planning, organization, and student registrations through a mobile app can streamline processes and enhance overall efficiency.

2. Target Audience: Identifying the target audience, in this case, SLIIT students and staff, is crucial for the success of the app. Understanding their needs and preferences will be essential in developing a user-friendly and effective app.

3. Functionality and Features: It is important to outline the specific features and functionalities that the app will offer. This may include event scheduling, registration management, notifications, attendee tracking, feedback collection, and more. Ensuring that these features align with the requirements of SLIIT events is key.

4. User Experience (UX) Design: The app's user interface and overall user experience play a significant role in its adoption and success. Designing an intuitive and visually appealing interface will enhance user engagement and satisfaction.

5. Data Security and Privacy: Given that student registrations and event information will be handled within the app, data security and privacy considerations are paramount. Implementing robust security measures to protect user data is imperative.

6. Scalability and Maintenance: Considering the potential growth of user base and events at SLIIT, the app should be scalable to accommodate increasing demand. Additionally, planning for regular maintenance and updates is essential to ensure the app's sustainability.

Overall, the Smart Event Management App project idea holds promise, provided that it addresses the aforementioned points effectively. Conducting thorough research, gathering stakeholder feedback, and focusing on delivering a high-quality, tailored solution will be crucial for the project's success. 

As an evaluator, I would recommend further elaboration on the specific features, technical requirements, project timeline, and budget considerations to assess the feasibility and potential impact of the proposed app."
3.8,"React, Node.js, MongoDB",Full Stack,Advanced,Extrovert,18,5,4,Research Collaboration Platform,A web app for connecting students with similar research interests.,Web Application,"React, Node.js, MongoDB Full Stack Advanced Extrovert Web Application",50,0,"Based on the project idea provided, here is an evaluation of the Research Collaboration Platform concept:

1. Relevance: The idea of a web app that connects students with similar research interests is highly relevant in the academic world. Collaborative research is important for the advancement of knowledge and facilitating connections can enhance research output.

2. Potential Impact: By creating a platform for research collaboration, students will have the opportunity to work with peers who share their interests, leading to a more productive and enriching research experience. This could potentially result in increased research outputs and collaborations.

3. Feasibility: Developing a web application for research collaboration is feasible given the availability of various web development tools and technologies. However, ensuring the platform is user-friendly, secure, and effectively matches students with similar interests will be crucial for its success.

4. Innovation: While research collaboration platforms already exist, adding unique features such as advanced matching algorithms, integration with academic databases, or tools for virtual collaboration could set this platform apart from existing solutions.

5. Challenges: Some potential challenges to consider include user adoption and engagement, data privacy and security concerns, managing and verifying user profiles, and sustaining the platform with ongoing support and updates.

Overall, the Research Collaboration Platform idea has the potential to address a real need in the academic community and could provide valuable opportunities for students to collaborate on research projects. However, careful planning, user feedback, and continuous improvement will be necessary to ensure its success in a competitive market."
3.14,"Unity, C#, 3D Modeling",Game Development,Beginner,Neutral,11,3,2,AR/VR Chatbot Assistant,Engineers a secure ar/vr solution with focus on data privacy and integrity.,AR/VR,"Unity, C#, 3D Modeling Game Development Beginner Neutral AR/VR",53,1,"Overall, the project idea of an AR/VR Chatbot Assistant focusing on data privacy and integrity within the AR/VR domain is quite promising. Here are some key points for evaluation:

1. Innovation: Integrating AR/VR technology with a chatbot assistant is innovative and can enhance user experience in virtual environments. It shows potential for creating a cutting-edge solution in the field of AR/VR.

2. Relevance: Data privacy and integrity are critical considerations, particularly in a world where personal information is increasingly at risk. Focusing on these aspects demonstrates a commitment to addressing important issues in the AR/VR domain.

3. Feasibility: The project idea seems feasible, given the advancements in AR/VR technology and the increasing demand for virtual assistant solutions. However, challenges may arise in ensuring the security and privacy of user data within the AR/VR environment.

4. Impact: If successfully developed, the AR/VR Chatbot Assistant could have a positive impact on users by providing them with a secure and interactive virtual assistant experience. It has the potential to be a valuable tool in various industries, such as healthcare, education, or customer service.

5. Collaboration: Collaboration with experts in AR/VR technology, data security, and chatbot development would be beneficial to ensure the project's success and address any technical or ethical challenges that may arise.

In conclusion, the project idea of an AR/VR Chatbot Assistant focusing on data privacy and integrity holds great promise and aligns with the current trends in augmented and virtual reality technologies. With careful planning, execution, and attention to detail, this project has the potential to be a successful and impactful addition to the AR/VR domain."
3.28,"Unity, C#, 3D Modeling",Game Development,Intermediate,Extrovert,14,3,4,Real-time Blockchain Monitor,Builds a comprehensive blockchain platform with user-friendly interface and advanced features.,Blockchain,"Unity, C#, 3D Modeling Game Development Intermediate Extrovert Blockchain",53,1,"Based on the provided project idea for a Real-time Blockchain Monitor, here are some points to consider for evaluation:

1. Relevance: The project is highly relevant to the domain of blockchain, which is a rapidly growing and constantly evolving technology. A real-time monitor can provide valuable insights and data for users actively engaged in blockchain transactions.

2. Innovation: The idea of building a comprehensive blockchain platform with advanced features signifies innovation in the field. The inclusion of a user-friendly interface is also a positive aspect as it can enhance user experience and accessibility.

3. Impact: A real-time blockchain monitor can have a significant impact on various stakeholders such as traders, developers, and researchers. It can potentially improve decision-making processes, enhance security measures, and facilitate better understanding of blockchain activities.

4. Feasibility: The feasibility of the project would depend on the technical expertise and resources available to the team. Building a real-time monitor with advanced features may require specialized skills in blockchain technology and data analytics.

5. Sustainability: It is important to consider the long-term sustainability of the project, including factors such as maintenance, updates, and potential scalability. The project should be designed in a way that anticipates future developments in the blockchain industry.

Overall, the project idea for a Real-time Blockchain Monitor has the potential to address the needs of users in the blockchain space and contribute to the advancement of the technology. However, the successful implementation of the project would require careful planning, execution, and ongoing support."
3.67,"Azure, Terraform, CI/CD",Cloud Computing,Advanced,Introvert,14,3,2,Image Classification Analytics Platform,Constructs a robust computer vision framework for scalable and efficient performance.,Computer Vision,"Azure, Terraform, CI/CD Cloud Computing Advanced Introvert Computer Vision",24,0,"Overall, the project idea for an Image Classification Analytics Platform focusing on computer vision appears to be promising. The emphasis on constructing a robust framework for scalable and efficient performance is crucial in this domain. Here are some key points to consider for evaluating this project idea:

1. Relevance: The project idea is highly relevant in the current technological landscape, where computer vision applications are in high demand across various industries such as healthcare, retail, and autonomous vehicles.

2. Innovation: The focus on constructing a robust framework indicates an innovative approach towards addressing challenges in image classification. It would be important to highlight any novel algorithms, techniques, or methodologies that will be used to achieve this.

3. Scalability: The emphasis on scalability is important as it ensures that the platform can handle large datasets and perform effectively as the project expands. It would be essential to outline how scalability will be achieved in terms of infrastructure, algorithms, and computational resources.

4. Efficiency: Ensuring efficient performance is critical for real-time applications of computer vision. The project should outline how efficiency will be optimized in terms of processing speed, accuracy, and resource utilization.

5. Technical expertise: It would be important to assess the technical expertise of the project team in computer vision, machine learning, and software development. Having a strong team with relevant experience will be crucial for the successful implementation of the project.

In conclusion, the project idea for an Image Classification Analytics Platform in the domain of computer vision has the potential to offer valuable solutions in this field. Emphasizing robustness, scalability, and efficiency will be key factors in determining the success of the project. Further details on the specific approach, methodology, and expected outcomes would be helpful in evaluating the project idea more comprehensively."
2.81,"MQTT, Cloud IoT",IoT & Hardware,Intermediate,Introvert,10,4,5,Chatbot Detection System,Constructs a robust nlp framework for scalable and efficient performance.,NLP,"MQTT, Cloud IoT IoT & Hardware Intermediate Introvert NLP",53,1,"Overall, the project idea of a Chatbot Detection System focusing on constructing a robust NLP framework for scalable and efficient performance within the domain of NLP seems relevant and promising. The use of NLP technology in developing a chatbot detection system addresses a pertinent issue in the field of natural language processing and cyber security.

Strengths of the project idea:
1. Relevance: The project idea addresses a current and significant issue by focusing on chatbot detection, which is a growing concern in the field of cybersecurity.
2. Innovation: Leveraging NLP technology for constructing a robust framework enhances the innovative aspect of the project.
3. Scalability and Efficiency: The emphasis on scalability and efficiency in the development of the system indicates a practical approach towards real-world application.

Areas for improvement:
1. Clear Objectives: It would benefit the project to have specific objectives outlined to guide the development process and evaluation of success.
2. Methodology: Providing details on the methodology to be used in constructing the NLP framework would enhance the project's credibility and feasibility.
3. Impact Assessment: Consider including a section on the potential impact of the Chatbot Detection System, both in terms of cybersecurity and broader societal implications.

Overall, the project idea of a Chatbot Detection System with a focus on developing a robust NLP framework shows promise and has the potential to make a valuable contribution to the field of NLP and cyber security. With further refinement and clarity in objectives and methodology, this project could have a strong impact in addressing the identified issue."
3.55,"Network Security, Ethical Hacking",Cybersecurity,Beginner,Ambivert,10,3,2,Text Summarization Analytics Platform,Creates an innovative nlp application with modern technologies and best practices.,NLP,"Network Security, Ethical Hacking Cybersecurity Beginner Ambivert NLP",24,0,"Based on the title and brief description provided, the project idea of a ""Text Summarization Analytics Platform"" in the domain of Natural Language Processing (NLP) seems promising and relevant. Here are some key points to consider when evaluating this project idea:

1. Relevance: The project idea is highly relevant in the field of NLP, as text summarization is an important task with various applications in information retrieval, document understanding, and content analysis.

2. Innovation: The use of modern technologies and best practices indicates a focus on innovation in developing the text summarization platform. It will be important to further elaborate on the specific technologies and techniques that will be employed to ensure that the platform stands out in terms of innovation.

3. Practicality: The concept of a text summarization analytics platform has practical implications for users who need to efficiently process and understand large volumes of text data. It will be important for the project to demonstrate how the platform addresses real-world needs in a user-friendly and effective manner.

4. Feasibility: Assessing the feasibility of implementing the platform will be crucial, considering factors such as availability of resources, technical expertise, and potential challenges in developing an NLP application.

5. Impact: Consider the potential impact of the platform within the NLP research community and industry. It will be important to highlight the unique features and capabilities of the platform that could differentiate it from existing text summarization tools.

Overall, the project idea of a Text Summarization Analytics Platform in the domain of NLP has strong potential, particularly if it leverages modern technologies and best practices effectively. Further details on the planned approach, methodology, and expected outcomes will be essential for a comprehensive evaluation of the project."
3.79,"Java, Spring Boot, MySQL",DevOps,Intermediate,Introvert,16,2,5,Gesture Recognition Detection System,Prototypes a cutting-edge computer vision application using emerging technologies.,Computer Vision,"Java, Spring Boot, MySQL DevOps Intermediate Introvert Computer Vision",53,2,"Evaluation of the project idea ""Gesture Recognition Detection System"":

1. Relevance to Domain: The project idea aligns well with the domain of Computer Vision. Gesture recognition falls under the purview of computer vision, which makes the project technically sound within the chosen domain.

2. Innovation and Emerging Technologies: The project claims to prototype a cutting-edge computer vision application using emerging technologies. This suggests a high level of innovation and potential for the project to contribute to advancements in the field. It is crucial to highlight the specific emerging technologies that will be utilized to achieve the goals of the project.

3. Feasibility and Scope: Implementation of a gesture recognition detection system can be complex, requiring significant computational resources and expertise in computer vision algorithms. It is essential to assess the feasibility of the project within the constraints of available resources, time, and expertise.

4. Impact and Contribution: A successful implementation of the Gesture Recognition Detection System could have broad applications across industries such as robotics, human-computer interaction, healthcare, and security. It is important to outline the potential impact of the project and the contribution it can make to the field of computer vision.

5. Evaluation Plan: The project should have a well-defined evaluation plan to assess the performance and accuracy of the gesture recognition system. This could involve testing the system with diverse gestures, environments, and user scenarios to validate its effectiveness.

Overall, the project idea of developing a Gesture Recognition Detection System within the domain of Computer Vision shows promise in terms of innovation and potential impact. However, attention should be paid to the feasibility, resource requirements, and clear articulation of the emerging technologies being leveraged in the project."
3.65,"Python, Data Visualization, Tableau",AI & Data,Beginner,Introvert,21,3,3,Intelligent Web Solution,Constructs a robust web development framework for scalable and efficient performance.,Web Development,"Python, Data Visualization, Tableau AI & Data Beginner Introvert Web Development",53,2,"Overall, the project idea of creating an ""Intelligent Web Solution"" for web development seems to be promising and relevant in the domain of web development. The focus on developing a robust web framework that promises scalability and efficient performance is commendable.

Key strengths of this project idea include:
1. Relevance to the domain: The project idea aligns well with the domain of web development, which is a rapidly growing and evolving field.
2. Emphasis on scalability and performance: Prioritizing scalability and efficiency in web development frameworks is crucial for meeting the demands of modern web applications.
3. Potential impact: A successful implementation of this project could benefit developers by providing them with a sophisticated tool to enhance their web development projects.

However, some potential points of improvement or considerations for the project include:
1. Clear objectives and scope: It would be important for the project to clearly define the specific features and functionalities that would make this web development framework ""intelligent"".
2. Research and feasibility: The project should entail thorough research into existing web development frameworks and technologies to ensure that the proposed solution offers unique value and addresses any current limitations.
3. Collaboration and testing: Collaboration with web developers and testing the framework with real-world use cases would be essential to validate its performance and gather feedback for further improvements.

In summary, the project idea of creating an ""Intelligent Web Solution"" for web development has the potential to make a significant impact in the field. With a focus on clear objectives, research, collaboration, and testing, this project could offer valuable advancements in web development frameworks."
